signal_id,ehtimollik
SG_000001,0.2708333333333333
SG_000007,0.61005
SG_000009,0.16726666666666667
SG_000010,0.18786666666666668
SG_000011,0.445
SG_000018,0.504
SG_000024,0.6666
SG_000026,0.41128333333333333
SG_000032,0.6236999999999999
SG_000033,0.8828333333333334
SG_000034,0.17485
SG_000036,0.43165
SG_000039,0.09901666666666667
SG_000048,0.13793333333333332
SG_000049,0.6368999999999999
SG_000050,0.8734166666666667
SG_000053,0.15115
SG_000054,0.8079833333333334
SG_000055,0.6066833333333332
SG_000058,0.3295
SG_000059,0.4058166666666667
SG_000061,0.3857333333333333
SG_000062,0.7394666666666667
SG_000072,0.31231666666666663
SG_000073,0.6217666666666667
SG_000075,0.5306833333333334
SG_000080,0.8498833333333333
SG_000081,0.32335
SG_000083,0.02586666666666667
SG_000086,0.23878333333333335
SG_000087,0.8885166666666666
SG_000092,0.6048833333333333
SG_000099,0.6306166666666667
SG_000100,0.47985
SG_000105,0.20405
SG_000106,0.71015
SG_000107,0.005883333333333332
SG_000118,0.5445500000000001
SG_000120,0.36888333333333334
SG_000125,0.5579833333333334
SG_000129,0.21336666666666668
SG_000137,0.4049
SG_000146,0.21353333333333335
SG_000147,0.8335333333333333
SG_000149,0.7682166666666667
SG_000153,0.6919
SG_000161,0.22246666666666667
SG_000163,0.3510666666666667
SG_000165,0.8318999999999999
SG_000173,0.2091
SG_000178,0.28003333333333336
SG_000179,0.08786666666666668
SG_000187,0.9995499999999999
SG_000192,0.014616666666666667
SG_000193,0.7087
SG_000195,0.5539166666666666
SG_000196,0.71195
SG_000201,0.10966666666666668
SG_000203,0.2057
SG_000205,0.9600166666666666
SG_000207,0.71665
SG_000211,0.5336333333333334
SG_000214,0.3215166666666667
SG_000217,0.036783333333333335
SG_000218,0.99505
SG_000219,0.6433833333333333
SG_000227,0.25685
SG_000229,0.060050000000000006
SG_000232,0.6458666666666667
SG_000240,0.02278333333333333
SG_000242,0.9346000000000001
SG_000244,0.4013
SG_000246,0.5068
SG_000250,0.22488333333333332
SG_000253,0.6482166666666667
SG_000262,0.33755
SG_000269,0.9146833333333333
SG_000270,0.37898333333333334
SG_000271,0.9191166666666666
SG_000284,0.8613
SG_000286,0.7903333333333333
SG_000287,0.5157
SG_000290,0.9815833333333334
SG_000291,0.7899833333333333
SG_000301,0.42445
SG_000302,0.8395166666666667
SG_000304,0.05943333333333333
SG_000306,0.8397333333333333
SG_000309,0.09380000000000001
SG_000314,0.4255833333333333
SG_000319,0.9443333333333332
SG_000320,0.29208333333333336
SG_000321,0.3297333333333333
SG_000325,0.8043666666666667
SG_000328,0.05954999999999999
SG_000329,0.11855
SG_000333,0.23445
SG_000334,0.7418666666666667
SG_000335,0.32395
SG_000339,0.08833333333333332
SG_000341,0.1767166666666667
SG_000345,0.9877833333333333
SG_000347,0.38084999999999997
SG_000349,0.29018333333333335
SG_000350,0.3939666666666667
SG_000351,0.0292
SG_000357,0.25175000000000003
SG_000360,0.8120166666666666
SG_000366,0.9537000000000001
SG_000368,0.6592333333333333
SG_000370,0.57935
SG_000378,0.28998333333333337
SG_000386,0.45591666666666664
SG_000394,0.2316333333333333
SG_000395,0.17075
SG_000397,0.8081666666666667
SG_000398,0.2977666666666666
SG_000401,0.41318333333333335
SG_000402,0.32175
SG_000414,0.8601166666666668
SG_000415,0.7647666666666667
SG_000419,0.9000999999999999
SG_000420,0.5520166666666667
SG_000422,0.88785
SG_000425,0.7675166666666666
SG_000430,0.12371666666666667
SG_000431,0.01525
SG_000435,0.03818333333333333
SG_000436,0.3519
SG_000440,0.7950333333333334
SG_000444,0.22903333333333334
SG_000450,0.46153333333333335
SG_000452,0.4409
SG_000454,0.7730333333333332
SG_000460,0.36396666666666666
SG_000462,0.13591666666666666
SG_000471,0.7036666666666667
SG_000474,0.8206666666666667
SG_000475,0.68425
SG_000476,0.5271
SG_000480,0.7185833333333334
SG_000482,0.91235
SG_000484,0.9158999999999999
SG_000487,0.59105
SG_000488,0.8308
SG_000494,0.8473333333333333
SG_000496,0.69035
SG_000497,0.045766666666666664
SG_000498,0.19266666666666668
SG_000501,0.6797333333333333
SG_000506,0.9409666666666667
SG_000511,0.58515
SG_000513,0.19388333333333332
SG_000524,0.06309999999999999
SG_000526,0.81365
SG_000527,0.13993333333333333
SG_000530,0.38836666666666664
SG_000535,0.5585666666666667
SG_000536,0.4637
SG_000551,0.6734166666666668
SG_000561,0.8668833333333333
SG_000563,0.9631333333333334
SG_000567,0.8897666666666668
SG_000572,0.7522166666666668
SG_000580,0.5431833333333334
SG_000583,0.4874333333333333
SG_000585,0.9606666666666666
SG_000588,0.19471666666666665
SG_000591,0.7610333333333333
SG_000593,0.22835
SG_000594,0.8198333333333334
SG_000598,0.14865
SG_000603,0.76245
SG_000610,0.08181666666666666
SG_000614,0.4570666666666667
SG_000615,0.36619999999999997
SG_000616,0.01848333333333333
SG_000617,0.07636666666666667
SG_000619,0.29835
SG_000621,0.7567333333333334
SG_000629,0.7576
SG_000633,0.3077
SG_000634,0.7181166666666667
SG_000638,0.52315
SG_000640,0.47553333333333336
SG_000643,0.54955
SG_000646,0.7993666666666667
SG_000648,0.15458333333333335
SG_000657,0.35259999999999997
SG_000662,0.60165
SG_000665,0.34563333333333335
SG_000666,0.6224000000000001
SG_000672,0.2698833333333333
SG_000674,0.5489666666666667
SG_000677,0.19745000000000001
SG_000678,0.8523666666666667
SG_000679,0.07353333333333334
SG_000691,0.7269166666666667
SG_000692,0.14291666666666666
SG_000693,0.8654
SG_000695,0.8140166666666666
SG_000696,0.13656666666666667
SG_000698,0.0935
SG_000706,0.1772
SG_000709,0.36396666666666666
SG_000713,0.49346666666666666
SG_000716,0.41273333333333334
SG_000717,0.08283333333333333
SG_000719,0.5473166666666667
SG_000722,0.8637
SG_000727,0.31801666666666667
SG_000734,0.22760000000000002
SG_000737,0.2091
SG_000739,0.2895166666666667
SG_000742,0.7707499999999999
SG_000743,0.6920666666666666
SG_000750,0.42605000000000004
SG_000751,0.7500833333333333
SG_000759,0.9557833333333334
SG_000762,0.48714999999999997
SG_000764,0.4439
SG_000768,0.0827
SG_000769,0.5161166666666667
SG_000770,0.46196666666666664
SG_000788,0.9912333333333334
SG_000790,0.29755
SG_000797,0.44725000000000004
SG_000798,0.052833333333333336
SG_000799,0.53
SG_000802,0.7260666666666666
SG_000803,0.9842500000000001
SG_000809,0.8942833333333333
SG_000811,0.6863166666666667
SG_000812,0.99075
SG_000816,0.9675
SG_000817,0.40825
SG_000820,0.06341666666666668
SG_000821,0.12446666666666667
SG_000826,0.4427
SG_000840,0.6126499999999999
SG_000849,0.7257166666666667
SG_000851,0.34281666666666666
SG_000856,0.19765
SG_000857,0.9396499999999999
SG_000864,0.11910000000000001
SG_000865,0.08865
SG_000875,0.42175
SG_000883,0.44703333333333334
SG_000888,0.4191833333333333
SG_000889,0.5772666666666667
SG_000890,0.6721
SG_000891,0.22766666666666668
SG_000903,0.24166666666666664
SG_000907,0.6692666666666667
SG_000909,0.04665
SG_000910,0.5471666666666667
SG_000911,0.9173
SG_000912,0.7245666666666666
SG_000913,0.8037666666666667
SG_000917,0.89205
SG_000920,0.5016833333333333
SG_000928,0.005183333333333333
SG_000934,0.024349999999999997
SG_000935,0.9457833333333334
SG_000938,0.70385
SG_000940,0.1008
SG_000943,0.5578
SG_000945,0.39048333333333335
SG_000946,0.7505666666666667
SG_000948,0.2818833333333334
SG_000950,0.58085
SG_000954,0.7666
SG_000959,0.8281833333333333
SG_000963,0.73875
SG_000965,0.20035
SG_000968,0.8247166666666668
SG_000970,0.8649499999999999
SG_000973,0.07028333333333334
SG_000975,0.056150000000000005
SG_000977,0.05463333333333334
SG_000980,0.9967833333333334
SG_000981,0.5371666666666666
SG_000985,0.6058666666666667
SG_000987,0.9842333333333333
SG_000988,0.4485
SG_000990,0.87335
SG_000991,0.8444333333333334
SG_001002,0.82925
SG_001004,0.9397833333333333
SG_001009,0.38016666666666665
SG_001010,0.10481666666666667
SG_001014,0.41751666666666665
SG_001023,0.7348666666666667
SG_001027,0.024216666666666668
SG_001028,0.9383999999999999
SG_001030,0.538
SG_001031,0.3904166666666667
SG_001032,0.14571666666666666
SG_001042,0.6674833333333333
SG_001048,0.16901666666666668
SG_001049,0.06143333333333333
SG_001052,0.3801833333333333
SG_001058,0.32089999999999996
SG_001060,0.2824333333333333
SG_001066,0.8706166666666667
SG_001067,0.30823333333333336
SG_001070,0.2544166666666667
SG_001071,0.32305
SG_001075,0.03863333333333333
SG_001076,0.7909833333333334
SG_001078,0.04088333333333333
SG_001081,0.4754833333333333
SG_001085,0.41759999999999997
SG_001086,0.22699999999999998
SG_001100,0.22309999999999997
SG_001101,0.025849999999999998
SG_001102,0.7074166666666667
SG_001106,0.30278333333333335
SG_001107,0.02408333333333333
SG_001108,0.63655
SG_001109,0.18503333333333336
SG_001111,0.9366833333333333
SG_001117,0.8480833333333333
SG_001121,0.8290666666666667
SG_001123,0.72375
SG_001125,0.7679833333333332
SG_001126,0.9958833333333333
SG_001128,0.3265
SG_001133,0.06513333333333333
SG_001135,0.74585
SG_001143,0.9795333333333334
SG_001153,0.005483333333333333
SG_001155,0.85335
SG_001157,0.7024166666666667
SG_001159,0.4081333333333333
SG_001161,0.8804833333333334
SG_001163,0.15053333333333332
SG_001167,0.8788
SG_001180,0.3793333333333333
SG_001181,0.9168666666666667
SG_001182,0.5259166666666667
SG_001184,0.63295
SG_001188,0.15801666666666667
SG_001190,0.7899333333333333
SG_001192,0.7599499999999999
SG_001196,0.9487166666666667
SG_001201,0.8053833333333333
SG_001202,0.06575
SG_001203,0.5338999999999999
SG_001205,0.41888333333333333
SG_001208,0.7422166666666666
SG_001210,0.8157333333333334
SG_001211,0.39115
SG_001213,0.7556
SG_001215,0.8843166666666666
SG_001217,0.75695
SG_001225,0.7232833333333333
SG_001226,0.7389166666666667
SG_001229,0.8738833333333333
SG_001230,0.22361666666666666
SG_001236,0.38341666666666663
SG_001237,0.05735
SG_001243,0.47531666666666667
SG_001245,0.4335
SG_001248,0.07264999999999999
SG_001252,0.2096
SG_001255,0.96515
SG_001257,0.7548
SG_001262,0.26775
SG_001264,0.29973333333333335
SG_001267,0.26398333333333335
SG_001279,0.04475
SG_001285,0.2680666666666667
SG_001287,0.28031666666666666
SG_001293,0.7230166666666666
SG_001296,0.9105666666666666
SG_001298,0.23509999999999998
SG_001303,0.23055000000000003
SG_001305,0.2308
SG_001306,0.76
SG_001309,0.6267833333333334
SG_001312,0.08341666666666667
SG_001313,0.80075
SG_001314,0.42691666666666667
SG_001316,0.2964333333333333
SG_001318,0.16166666666666665
SG_001319,0.8837666666666667
SG_001321,0.8426666666666667
SG_001322,0.5045333333333333
SG_001327,0.25925
SG_001331,0.37151666666666666
SG_001335,0.3025333333333333
SG_001336,0.7352
SG_001349,0.7536499999999999
SG_001350,0.46421666666666667
SG_001352,0.52335
SG_001354,0.17533333333333334
SG_001361,0.29335
SG_001362,0.64725
SG_001364,0.27523333333333333
SG_001374,0.9357333333333333
SG_001389,0.22148333333333334
SG_001390,0.20506666666666667
SG_001395,0.9917
SG_001397,0.20563333333333333
SG_001401,0.5123833333333334
SG_001402,0.28785
SG_001405,0.08263333333333334
SG_001412,0.8907499999999999
SG_001415,0.40953333333333336
SG_001419,0.12263333333333334
SG_001421,0.6427833333333333
SG_001423,0.5383333333333333
SG_001432,0.5985
SG_001433,0.21715
SG_001441,0.5950166666666667
SG_001446,0.29423333333333335
SG_001447,0.4129166666666667
SG_001448,0.0030833333333333338
SG_001453,0.2844
SG_001458,0.5612666666666667
SG_001465,0.5863999999999999
SG_001469,0.6360166666666667
SG_001470,0.5197666666666667
SG_001472,0.8820333333333332
SG_001476,0.5335833333333333
SG_001478,0.8896333333333333
SG_001480,0.9468833333333334
SG_001484,0.04923333333333334
SG_001487,0.9514833333333332
SG_001493,0.7869999999999999
SG_001494,0.8496333333333334
SG_001500,0.6072
SG_001505,0.5467166666666667
SG_001506,0.92435
SG_001510,0.21221666666666666
SG_001514,0.6744666666666667
SG_001520,0.7715333333333332
SG_001525,0.93415
SG_001527,0.36815
SG_001528,0.5145833333333334
SG_001529,0.2735666666666667
SG_001531,0.6353833333333333
SG_001541,0.9873333333333333
SG_001542,0.75745
SG_001543,0.9118
SG_001545,0.5298166666666667
SG_001549,0.4420666666666667
SG_001557,0.47273333333333334
SG_001558,0.8455666666666667
SG_001561,0.48743333333333333
SG_001562,0.011983333333333335
SG_001563,0.6633833333333333
SG_001567,0.3042
SG_001568,0.31218333333333337
SG_001569,0.3818666666666667
SG_001570,0.6660166666666667
SG_001571,0.6434333333333333
SG_001572,0.47196666666666665
SG_001573,0.21041666666666664
SG_001576,0.4389
SG_001584,0.14418333333333333
SG_001590,0.5548333333333333
SG_001591,0.4618833333333333
SG_001592,0.03141666666666666
SG_001595,0.07798333333333334
SG_001601,0.9283333333333333
SG_001604,0.7736166666666666
SG_001609,0.5842166666666666
SG_001610,0.7983
SG_001612,0.30025
SG_001613,0.9359999999999999
SG_001615,0.18434999999999999
SG_001623,0.6697
SG_001624,0.14876666666666666
SG_001631,0.24428333333333332
SG_001634,0.7344666666666666
SG_001636,0.93295
SG_001638,0.9689666666666665
SG_001647,0.6738000000000001
SG_001650,0.7452333333333333
SG_001653,0.7966333333333333
SG_001654,0.90585
SG_001658,0.7956666666666666
SG_001663,0.6868666666666667
SG_001667,0.32230000000000003
SG_001668,0.3926666666666667
SG_001670,0.0051
SG_001683,0.12748333333333334
SG_001686,0.7736833333333334
SG_001688,0.63795
SG_001689,0.19363333333333332
SG_001698,0.9960166666666667
SG_001704,0.7177833333333334
SG_001711,0.6975666666666667
SG_001719,0.09653333333333333
SG_001720,0.05681666666666667
SG_001723,0.5294
SG_001726,0.7632166666666667
SG_001728,0.07328333333333334
SG_001731,0.11746666666666666
SG_001733,0.74
SG_001734,0.30725
SG_001735,0.6919500000000001
SG_001737,0.9538333333333333
SG_001738,0.8632833333333334
SG_001739,0.6126333333333334
SG_001740,0.35178333333333334
SG_001744,0.5143666666666666
SG_001745,0.7051
SG_001750,0.28178333333333333
SG_001751,0.3678166666666667
SG_001761,0.7191500000000001
SG_001767,0.1459
SG_001768,0.8326
SG_001769,0.16771666666666665
SG_001776,0.8907333333333333
SG_001786,0.04885
SG_001788,0.2551
SG_001789,0.7395333333333334
SG_001790,0.17304999999999998
SG_001791,0.44071666666666665
SG_001792,0.5500833333333334
SG_001793,0.38204999999999995
SG_001796,0.42236666666666667
SG_001797,0.17246666666666666
SG_001803,0.36521666666666663
SG_001804,0.05698333333333333
SG_001806,0.4699333333333333
SG_001811,0.5131166666666667
SG_001815,0.9003333333333333
SG_001819,0.5521
SG_001824,0.484
SG_001825,0.7148166666666667
SG_001827,0.5533666666666667
SG_001830,0.8119500000000001
SG_001831,0.11091666666666666
SG_001833,0.8658833333333333
SG_001836,0.32489999999999997
SG_001844,0.7883333333333333
SG_001846,0.13018333333333332
SG_001847,0.8356833333333333
SG_001848,0.8726166666666667
SG_001849,0.7512166666666666
SG_001851,0.18116666666666667
SG_001858,0.38605
SG_001860,0.059333333333333335
SG_001862,0.9149666666666667
SG_001864,0.46536666666666665
SG_001865,0.7735833333333333
SG_001867,0.6739333333333334
SG_001872,0.12786666666666666
SG_001876,0.23426666666666668
SG_001877,0.9626
SG_001883,0.43251666666666666
SG_001884,0.3685833333333333
SG_001885,0.2357333333333333
SG_001886,0.96905
SG_001888,0.1612
SG_001890,0.2830333333333333
SG_001892,0.6110833333333333
SG_001893,0.9051499999999999
SG_001894,0.6436
SG_001895,0.8894
SG_001897,0.7375499999999999
SG_001901,0.5453833333333333
SG_001903,0.49911666666666665
SG_001904,0.07611666666666667
SG_001906,0.3959166666666667
SG_001909,0.36091666666666666
SG_001912,0.4211333333333333
SG_001914,0.09993333333333333
SG_001915,0.28496666666666665
SG_001919,0.5963333333333334
SG_001924,0.31165
SG_001925,0.049350000000000005
SG_001928,0.8229833333333333
SG_001930,0.24625000000000002
SG_001932,0.3494333333333333
SG_001933,0.3379166666666667
SG_001934,0.0158
SG_001936,0.17026666666666665
SG_001947,0.39005
SG_001953,0.9565666666666666
SG_001954,0.06873333333333334
SG_001955,0.8747833333333332
SG_001963,0.6563666666666667
SG_001971,0.90055
SG_001975,0.5828
SG_001976,0.3018
SG_001977,0.7817
SG_001980,0.0738
SG_001981,0.04335
SG_001982,0.7465999999999999
SG_001990,0.4738833333333333
SG_001999,0.2026666666666667
SG_002000,0.8203833333333334
SG_002002,0.9804833333333334
SG_002004,0.5491333333333333
SG_002008,0.8588166666666667
SG_002009,0.47858333333333336
SG_002016,0.8118166666666666
SG_002021,0.54775
SG_002024,0.5339666666666667
SG_002027,0.9381666666666666
SG_002037,0.8191666666666667
SG_002038,0.6197333333333334
SG_002039,0.5782333333333333
SG_002044,0.8033
SG_002045,0.03863333333333333
SG_002048,0.04085
SG_002050,0.8169666666666667
SG_002052,0.5796333333333333
SG_002063,0.4021166666666667
SG_002067,0.82365
SG_002068,0.39591666666666664
SG_002069,0.12595
SG_002074,0.02325
SG_002075,0.35113333333333335
SG_002078,0.29241666666666666
SG_002081,0.25715
SG_002090,0.8574666666666667
SG_002097,0.8794500000000001
SG_002103,0.3322333333333333
SG_002105,0.8665833333333334
SG_002110,0.38488333333333336
SG_002122,0.51015
SG_002123,0.5146666666666666
SG_002125,0.9569666666666666
SG_002129,0.9665333333333334
SG_002131,0.7883166666666666
SG_002137,0.7453833333333334
SG_002142,0.8639
SG_002150,0.49543333333333334
SG_002151,0.6946833333333333
SG_002152,0.6278
SG_002166,0.11725
SG_002171,0.8014
SG_002172,0.2972
SG_002176,0.3931
SG_002177,0.7972666666666668
SG_002181,0.8707333333333334
SG_002184,0.3885
SG_002185,0.9839
SG_002186,0.11273333333333332
SG_002191,0.23370000000000002
SG_002192,0.7760333333333334
SG_002194,0.69365
SG_002200,0.30733333333333335
SG_002209,0.6591666666666667
SG_002213,0.06973333333333333
SG_002220,0.3592833333333333
SG_002223,0.58045
SG_002227,0.31829999999999997
SG_002228,0.08726666666666667
SG_002233,0.6147166666666667
SG_002241,0.7835166666666666
SG_002248,0.69965
SG_002251,0.8703
SG_002252,0.4811333333333333
SG_002254,0.8109166666666666
SG_002255,0.7194166666666667
SG_002260,0.9401333333333333
SG_002262,0.13728333333333334
SG_002263,0.1922333333333333
SG_002266,0.10231666666666667
SG_002270,0.25465
SG_002277,0.13273333333333331
SG_002278,0.06955
SG_002280,0.34155
SG_002281,0.7606333333333333
SG_002283,0.32539999999999997
SG_002284,0.9545000000000001
SG_002286,0.5495333333333333
SG_002288,0.4502166666666667
SG_002291,0.8680166666666667
SG_002292,0.18481666666666668
SG_002294,0.5245666666666666
SG_002296,0.7261500000000001
SG_002298,0.21245
SG_002301,0.28245
SG_002304,0.8251999999999999
SG_002311,0.41605
SG_002319,0.8668333333333333
SG_002320,0.45668333333333333
SG_002322,0.40625
SG_002324,0.4381833333333333
SG_002328,0.5386333333333333
SG_002332,0.23063333333333333
SG_002341,0.9593833333333334
SG_002346,0.29656666666666665
SG_002347,0.80115
SG_002352,0.15714999999999998
SG_002357,0.4458
SG_002361,0.21916666666666668
SG_002370,0.04153333333333334
SG_002371,0.6218833333333333
SG_002372,0.030899999999999997
SG_002373,0.5171166666666667
SG_002374,0.22716666666666666
SG_002375,0.48951666666666666
SG_002381,0.2527
SG_002385,0.12641666666666668
SG_002387,0.24698333333333333
SG_002390,0.9688166666666667
SG_002391,0.026
SG_002392,0.13516666666666666
SG_002394,0.6755166666666667
SG_002396,0.40751666666666664
SG_002401,0.24423333333333336
SG_002402,0.2908833333333333
SG_002404,0.40175
SG_002407,0.27354999999999996
SG_002410,0.4381666666666667
SG_002419,0.8155833333333333
SG_002421,0.5966
SG_002422,0.24095
SG_002423,0.9348833333333333
SG_002429,0.29714999999999997
SG_002430,0.57175
SG_002434,0.8427333333333334
SG_002437,0.44211666666666666
SG_002442,0.31293333333333334
SG_002444,0.21173333333333333
SG_002447,0.14543333333333333
SG_002448,0.11380000000000001
SG_002450,0.9858
SG_002453,0.3549833333333333
SG_002454,0.5860333333333334
SG_002455,0.5695833333333333
SG_002456,0.8342833333333333
SG_002458,0.3025
SG_002459,0.6391666666666667
SG_002460,0.6433166666666666
SG_002462,0.31793333333333335
SG_002464,0.5255166666666666
SG_002466,0.7730666666666667
SG_002475,0.5441666666666667
SG_002477,0.6279166666666667
SG_002479,0.6793
SG_002482,0.3539666666666667
SG_002483,0.8199666666666667
SG_002486,0.4290333333333333
SG_002490,0.94725
SG_002493,0.2346666666666667
SG_002495,0.7967333333333334
SG_002498,0.15516666666666667
SG_002500,0.8766666666666667
SG_002502,0.21641666666666667
SG_002507,0.7071
SG_002509,0.56985
SG_002517,0.6777166666666666
SG_002520,0.46740000000000004
SG_002522,0.15061666666666668
SG_002526,0.1162
SG_002529,0.13305
SG_002532,0.03948333333333333
SG_002539,0.0945
SG_002541,0.044316666666666664
SG_002544,0.1159
SG_002545,0.3073
SG_002546,0.8442333333333334
SG_002548,0.7943333333333333
SG_002555,0.7401
SG_002559,0.3386
SG_002568,0.03853333333333333
SG_002572,0.9626333333333333
SG_002573,0.4139166666666667
SG_002577,0.3712166666666667
SG_002580,0.6172833333333333
SG_002583,0.6132833333333333
SG_002586,0.5633
SG_002587,0.6735833333333334
SG_002588,0.13706666666666667
SG_002594,0.3174166666666667
SG_002596,0.03403333333333334
SG_002597,0.08315
SG_002599,0.44971666666666665
SG_002600,0.8373666666666666
SG_002601,0.2854333333333333
SG_002605,0.5951166666666666
SG_002613,0.42910000000000004
SG_002615,0.6378333333333334
SG_002618,0.16103333333333333
SG_002622,0.30369999999999997
SG_002627,0.50535
SG_002628,0.4171
SG_002630,0.0016833333333333336
SG_002633,0.9396833333333334
SG_002638,0.2222833333333333
SG_002649,0.762
SG_002650,0.6252833333333333
SG_002652,0.26258333333333334
SG_002653,0.14966666666666667
SG_002654,0.1374166666666667
SG_002657,0.37993333333333335
SG_002664,0.69045
SG_002665,0.026766666666666664
SG_002666,0.76215
SG_002667,0.4500166666666667
SG_002672,0.6880666666666666
SG_002673,0.7088666666666668
SG_002674,0.5516833333333333
SG_002675,0.43389999999999995
SG_002680,0.9262
SG_002684,0.8837166666666666
SG_002688,0.8137333333333334
SG_002689,0.14256666666666667
SG_002691,0.18283333333333332
SG_002693,0.904
SG_002699,0.19271666666666668
SG_002701,0.7980666666666667
SG_002705,0.8088666666666666
SG_002720,0.02685
SG_002731,0.5269333333333334
SG_002733,0.19746666666666668
SG_002735,0.48955000000000004
SG_002736,0.8069833333333334
SG_002738,0.06375
SG_002742,0.84295
SG_002746,0.4851
SG_002748,0.03735
SG_002752,0.2824
SG_002755,0.24471666666666667
SG_002757,0.20163333333333333
SG_002759,0.4569333333333333
SG_002767,0.5437166666666666
SG_002770,0.9314333333333333
SG_002773,0.98335
SG_002777,0.8025
SG_002782,0.0978
SG_002783,0.10251666666666667
SG_002785,0.2728
SG_002788,0.59675
SG_002789,0.6674833333333333
SG_002793,0.5408833333333334
SG_002796,0.13558333333333333
SG_002798,0.5637666666666667
SG_002809,0.7218333333333333
SG_002814,0.67265
SG_002820,0.12746666666666667
SG_002825,0.9086333333333333
SG_002827,0.4589833333333333
SG_002829,0.5898166666666667
SG_002832,0.96305
SG_002834,0.11785000000000001
SG_002840,0.78615
SG_002842,0.29368333333333335
SG_002843,0.48834999999999995
SG_002849,0.9269499999999999
SG_002850,0.3146
SG_002853,0.4871333333333333
SG_002875,0.9432333333333334
SG_002882,0.8588333333333333
SG_002887,0.9953666666666666
SG_002891,0.6441166666666667
SG_002896,0.5175666666666667
SG_002904,0.4915666666666667
SG_002906,0.9623999999999999
SG_002907,0.5941666666666666
SG_002910,0.8853
SG_002918,0.3747666666666667
SG_002926,0.12714999999999999
SG_002930,0.4016333333333333
SG_002932,0.18116666666666667
SG_002937,0.6102833333333334
SG_002939,0.48078333333333334
SG_002943,0.14436666666666667
SG_002944,0.38301666666666667
SG_002947,0.034
SG_002949,0.48778333333333335
SG_002950,0.02225
SG_002952,0.16041666666666668
SG_002954,0.48473333333333335
SG_002955,0.9100333333333332
SG_002958,0.6541
SG_002960,0.56465
SG_002964,0.7324166666666667
SG_002967,0.42783333333333334
SG_002972,0.9491
SG_002982,0.8821666666666668
SG_002985,0.8124333333333333
SG_002989,0.56505
SG_002999,0.28928333333333334
SG_003002,0.37964999999999993
SG_003008,0.45253333333333334
SG_003023,0.12811666666666666
SG_003024,0.13726666666666665
SG_003026,0.9095000000000001
SG_003028,0.8153
SG_003030,0.5644166666666667
SG_003031,0.4774666666666667
SG_003037,0.36119999999999997
SG_003042,0.6463166666666667
SG_003043,0.21805
SG_003044,0.9487833333333333
SG_003045,0.4700833333333333
SG_003048,0.4935333333333333
SG_003049,0.22305
SG_003051,0.16145
SG_003052,0.5203666666666666
SG_003059,0.9695833333333334
SG_003062,0.24636666666666668
SG_003065,0.13526666666666665
SG_003067,0.07441666666666666
SG_003071,0.5729833333333333
SG_003072,0.8670499999999999
SG_003073,0.5244166666666666
SG_003075,0.5397666666666666
SG_003080,0.31026666666666664
SG_003082,0.6297666666666667
SG_003084,0.9351166666666666
SG_003085,0.3985833333333333
SG_003088,0.4699
SG_003089,0.7197666666666667
SG_003096,0.25675000000000003
SG_003097,0.8446666666666667
SG_003102,0.3809166666666667
SG_003105,0.7661833333333333
SG_003107,0.03503333333333333
SG_003111,0.35191666666666666
SG_003116,0.6091833333333334
SG_003118,0.31661666666666666
SG_003125,0.04295
SG_003127,0.20388333333333333
SG_003133,0.8815
SG_003135,0.7338
SG_003137,0.77015
SG_003138,0.2844333333333333
SG_003139,0.9769333333333333
SG_003141,0.9184666666666667
SG_003144,0.9149833333333333
SG_003151,0.7573666666666666
SG_003154,0.7027833333333333
SG_003158,0.8346833333333333
SG_003160,0.11121666666666666
SG_003164,0.9887666666666667
SG_003168,0.05865
SG_003169,0.03481666666666666
SG_003174,0.06768333333333333
SG_003179,0.9631833333333333
SG_003184,0.43684999999999996
SG_003186,0.03253333333333333
SG_003193,0.6860833333333334
SG_003196,0.06015
SG_003198,0.8869166666666667
SG_003201,0.7633166666666666
SG_003204,0.8234999999999999
SG_003205,0.6872833333333334
SG_003206,0.23550000000000004
SG_003211,0.6210833333333333
SG_003214,0.7132333333333334
SG_003215,0.14561666666666667
SG_003216,0.5684
SG_003217,0.39526666666666666
SG_003219,0.7488833333333333
SG_003226,0.5642833333333334
SG_003227,0.87695
SG_003230,0.7318166666666666
SG_003231,0.5086666666666667
SG_003232,0.2068
SG_003234,0.5022833333333334
SG_003239,0.2969
SG_003241,0.21003333333333335
SG_003243,0.191
SG_003250,0.17635
SG_003253,0.7524666666666667
SG_003256,0.5063
SG_003259,0.19238333333333332
SG_003266,0.8698333333333332
SG_003272,0.9617333333333333
SG_003273,0.27473333333333333
SG_003281,0.09191666666666667
SG_003284,0.5052333333333333
SG_003288,0.0058
SG_003293,0.10844999999999999
SG_003294,0.6073166666666666
SG_003295,0.6857166666666668
SG_003296,0.16291666666666668
SG_003301,0.7064166666666667
SG_003304,0.3208333333333333
SG_003305,0.6852166666666666
SG_003307,0.6529166666666667
SG_003310,0.5574333333333333
SG_003314,0.67165
SG_003321,0.33066666666666666
SG_003325,0.35248333333333337
SG_003328,0.8230666666666666
SG_003331,0.6791
SG_003332,0.7972666666666667
SG_003333,0.6810333333333334
SG_003340,0.6528333333333334
SG_003341,0.8835833333333333
SG_003342,0.5283000000000001
SG_003349,0.4859
SG_003355,0.3534666666666667
SG_003357,0.96885
SG_003361,0.11085
SG_003370,0.9491
SG_003371,0.7407499999999999
SG_003373,0.7932666666666666
SG_003374,0.9337166666666666
SG_003379,0.3146
SG_003388,0.11015
SG_003389,0.7644333333333333
SG_003390,0.11531666666666665
SG_003391,0.6909166666666666
SG_003392,0.3247833333333333
SG_003393,0.9149333333333333
SG_003397,0.017133333333333334
SG_003398,0.32148333333333334
SG_003399,0.56995
SG_003402,0.6671666666666667
SG_003404,0.2743333333333333
SG_003407,0.10853333333333333
SG_003408,0.5349999999999999
SG_003422,0.016516666666666666
SG_003426,0.37073333333333336
SG_003430,0.17841666666666667
SG_003434,0.0913
SG_003437,0.88985
SG_003439,0.19965000000000002
SG_003440,0.6310333333333333
SG_003441,0.013800000000000002
SG_003444,0.43694999999999995
SG_003447,0.8173833333333334
SG_003452,0.18501666666666666
SG_003453,0.9787166666666667
SG_003464,0.6136666666666667
SG_003469,0.13326666666666667
SG_003475,0.9299833333333334
SG_003477,0.9776833333333335
SG_003479,0.3455166666666667
SG_003480,0.5467
SG_003482,0.8388166666666667
SG_003483,0.9705166666666667
SG_003485,0.18409999999999999
SG_003486,0.7306833333333334
SG_003489,0.0031333333333333335
SG_003491,0.04696666666666667
SG_003492,0.28108333333333335
SG_003493,0.4694166666666667
SG_003501,0.7110333333333334
SG_003505,0.9363666666666668
SG_003509,0.020200000000000003
SG_003517,0.7339333333333333
SG_003521,0.5880000000000001
SG_003526,0.09956666666666666
SG_003528,0.18895
SG_003532,0.3912
SG_003535,0.07661666666666667
SG_003538,0.6789333333333333
SG_003541,0.04211666666666667
SG_003545,0.3735833333333333
SG_003548,0.19038333333333332
SG_003549,0.4310333333333334
SG_003554,0.008666666666666666
SG_003557,0.9237500000000001
SG_003566,0.29856666666666665
SG_003568,0.2653333333333333
SG_003572,0.7720166666666667
SG_003575,0.47924999999999995
SG_003578,0.18688333333333335
SG_003584,0.352
SG_003585,0.5968833333333333
SG_003588,0.7234333333333333
SG_003589,0.35145
SG_003594,0.8451500000000001
SG_003597,0.7850833333333334
SG_003598,0.5560333333333334
SG_003601,0.6727833333333333
SG_003603,0.7712166666666667
SG_003610,0.3645
SG_003611,0.11256666666666666
SG_003613,0.46355
SG_003618,0.04065
SG_003619,0.2957166666666667
SG_003620,0.8834500000000001
SG_003625,0.89035
SG_003627,0.2572666666666667
SG_003628,0.7892833333333333
SG_003629,0.38026666666666664
SG_003637,0.8503833333333333
SG_003648,0.13021666666666665
SG_003650,0.13528333333333334
SG_003666,0.27928333333333333
SG_003668,0.8685499999999999
SG_003670,0.8036
SG_003671,0.03093333333333333
SG_003689,0.3321
SG_003691,0.24483333333333332
SG_003699,0.9178999999999999
SG_003702,0.7078666666666666
SG_003704,0.31045
SG_003705,0.6663666666666667
SG_003706,0.46905
SG_003708,0.056016666666666666
SG_003710,0.1028
SG_003711,0.21981666666666666
SG_003714,0.25235
SG_003715,0.6919833333333334
SG_003722,0.9256166666666668
SG_003745,0.7051833333333334
SG_003746,0.33213333333333334
SG_003751,0.11495
SG_003754,0.7492500000000001
SG_003757,0.7102833333333333
SG_003758,0.8204666666666667
SG_003765,0.3598
SG_003767,0.08318333333333333
SG_003768,0.2761166666666667
SG_003769,0.38488333333333336
SG_003777,0.5457833333333333
SG_003783,0.10765
SG_003786,0.20851666666666666
SG_003787,0.15360000000000001
SG_003788,0.08406666666666666
SG_003792,0.21140000000000003
SG_003795,0.26580000000000004
SG_003806,0.6562166666666667
SG_003807,0.6467166666666667
SG_003809,0.6230333333333333
SG_003810,0.09038333333333334
SG_003812,0.88415
SG_003820,0.9034500000000001
SG_003822,0.6223500000000001
SG_003829,0.71425
SG_003835,0.06781666666666668
SG_003843,0.9169499999999999
SG_003844,0.6111833333333333
SG_003851,0.1899
SG_003852,0.6356833333333334
SG_003856,0.3336166666666667
SG_003860,0.7919166666666666
SG_003863,0.0799
SG_003865,0.37316666666666665
SG_003868,0.6907166666666666
SG_003869,0.026916666666666665
SG_003874,0.34558333333333335
SG_003878,0.9175166666666666
SG_003880,0.5609333333333333
SG_003881,0.52715
SG_003886,0.42924999999999996
SG_003896,0.5502166666666667
SG_003904,0.78705
SG_003905,0.7569166666666667
SG_003906,0.30710000000000004
SG_003907,0.14575
SG_003908,0.5269166666666667
SG_003910,0.90645
SG_003917,0.37685
SG_003919,0.6571499999999999
SG_003920,0.7787000000000001
SG_003921,0.13541666666666669
SG_003922,0.9338833333333334
SG_003925,0.08206666666666668
SG_003926,0.11758333333333333
SG_003935,0.18164999999999998
SG_003937,0.6024166666666667
SG_003940,0.5036833333333334
SG_003941,0.5657166666666666
SG_003945,0.9073833333333333
SG_003951,0.9213333333333333
SG_003958,0.0512
SG_003959,0.19743333333333335
SG_003961,0.7518833333333333
SG_003966,0.4185333333333333
SG_003967,0.26
SG_003969,0.12533333333333335
SG_003972,0.6168333333333333
SG_003977,0.72105
SG_003978,0.019200000000000002
SG_003979,0.8414666666666666
SG_003988,0.16973333333333335
SG_003992,0.8734500000000001
SG_003994,0.3128
SG_003995,0.8799166666666667
SG_004001,0.4766666666666667
SG_004002,0.12213333333333333
SG_004011,0.10741666666666666
SG_004012,0.07581666666666667
SG_004016,0.9230499999999999
SG_004019,0.9247666666666667
SG_004034,0.7909333333333333
SG_004036,0.277
SG_004041,0.79855
SG_004042,0.5026666666666666
SG_004045,0.08745
SG_004048,0.8846333333333334
SG_004049,0.019766666666666665
SG_004050,0.9220166666666666
SG_004054,0.8173333333333332
SG_004060,0.5085666666666666
SG_004063,0.11136666666666667
SG_004064,0.44028333333333336
SG_004065,0.8059000000000001
SG_004066,0.18411666666666668
SG_004071,0.18438333333333334
SG_004074,0.1353
SG_004078,0.7397499999999999
SG_004079,0.11995
SG_004080,0.30874999999999997
SG_004081,0.6738999999999999
SG_004083,0.9529166666666666
SG_004087,0.40951666666666664
SG_004089,0.09716666666666667
SG_004091,0.23256666666666664
SG_004093,0.8503333333333333
SG_004094,0.7630333333333333
SG_004100,0.3015833333333333
SG_004107,0.39121666666666666
SG_004109,0.75105
SG_004110,0.637
SG_004111,0.2486
SG_004123,0.0201
SG_004126,0.20371666666666666
SG_004127,0.011516666666666665
SG_004129,0.37429999999999997
SG_004130,0.25826666666666664
SG_004131,0.9633
SG_004136,0.10096666666666668
SG_004140,0.5519499999999999
SG_004149,0.19758333333333333
SG_004152,0.88455
SG_004155,0.8168
SG_004157,0.10951666666666666
SG_004163,0.12726666666666667
SG_004164,0.41285
SG_004168,0.2382
SG_004170,0.5046833333333334
SG_004171,0.3912333333333333
SG_004174,0.12033333333333333
SG_004175,0.16091666666666665
SG_004178,0.4224833333333333
SG_004181,0.8239
SG_004184,0.8067833333333333
SG_004186,0.4007666666666667
SG_004187,0.8523833333333334
SG_004191,0.3700833333333333
SG_004192,0.9157
SG_004197,0.53655
SG_004201,0.9883333333333333
SG_004204,0.8635666666666667
SG_004207,0.6062666666666666
SG_004209,0.9801833333333334
SG_004214,0.7422666666666667
SG_004218,0.3783000000000001
SG_004220,0.4506166666666667
SG_004223,0.35565
SG_004224,0.39308333333333334
SG_004225,0.9207666666666667
SG_004228,0.6398666666666667
SG_004229,0.5781000000000001
SG_004230,0.39405
SG_004235,0.11615
SG_004238,0.6146333333333334
SG_004239,0.8899
SG_004244,0.6044666666666667
SG_004253,0.5535
SG_004256,0.7179
SG_004257,0.6571
SG_004258,0.1434
SG_004262,0.7180666666666666
SG_004263,0.1836833333333333
SG_004265,0.32655
SG_004268,0.05701666666666667
SG_004269,0.8421666666666667
SG_004271,0.15451666666666666
SG_004286,0.34498333333333336
SG_004289,0.34755
SG_004290,0.7984166666666668
SG_004291,0.9821833333333334
SG_004297,0.47773333333333334
SG_004300,0.5760333333333333
SG_004302,0.6514
SG_004305,0.24998333333333334
SG_004306,0.6456333333333334
SG_004312,0.38831666666666664
SG_004313,0.11808333333333333
SG_004315,0.8538666666666668
SG_004320,0.1896
SG_004321,0.7932833333333333
SG_004322,0.5777333333333333
SG_004325,0.71135
SG_004326,0.6586166666666667
SG_004339,0.30205
SG_004342,0.7213833333333333
SG_004347,0.7410333333333333
SG_004348,0.96025
SG_004349,0.9562999999999999
SG_004350,0.8982
SG_004357,0.13075
SG_004358,0.5681333333333334
SG_004359,0.46449999999999997
SG_004362,0.6713166666666667
SG_004365,0.35465
SG_004368,0.8199333333333334
SG_004369,0.4477833333333333
SG_004370,0.37478333333333336
SG_004378,0.5553
SG_004379,0.41151666666666664
SG_004388,0.6587833333333333
SG_004390,0.13083333333333336
SG_004391,0.22495
SG_004401,0.17641666666666667
SG_004404,0.9818333333333333
SG_004405,0.8768666666666667
SG_004406,0.40469999999999995
SG_004408,0.35856666666666664
SG_004415,0.6931333333333334
SG_004417,0.07256666666666665
SG_004419,0.3176
SG_004420,0.9706166666666667
SG_004422,0.33098333333333335
SG_004423,0.36984999999999996
SG_004426,0.04625
SG_004427,0.3903
SG_004429,0.7664666666666666
SG_004432,0.2919333333333333
SG_004439,0.972
SG_004445,0.40731666666666666
SG_004447,0.68505
SG_004448,0.3668833333333333
SG_004451,0.5744333333333334
SG_004457,0.631
SG_004458,0.03738333333333333
SG_004460,0.29358333333333336
SG_004461,0.9542666666666666
SG_004462,0.006483333333333334
SG_004464,0.5009333333333333
SG_004465,0.3696333333333333
SG_004469,0.09518333333333333
SG_004474,0.4631166666666666
SG_004475,0.14153333333333334
SG_004476,0.17508333333333334
SG_004477,0.68005
SG_004480,0.9431833333333333
SG_004482,0.7361500000000001
SG_004484,0.42125
SG_004486,0.4623333333333333
SG_004494,0.9829333333333333
SG_004504,0.35684999999999995
SG_004508,0.2680166666666667
SG_004509,0.8558833333333333
SG_004511,0.6755166666666667
SG_004514,0.5695333333333333
SG_004515,0.40863333333333335
SG_004518,0.5741166666666667
SG_004521,0.12501666666666666
SG_004526,0.7544166666666667
SG_004530,0.7352166666666666
SG_004534,0.7419166666666667
SG_004536,0.20415
SG_004538,0.36993333333333334
SG_004539,0.9390999999999999
SG_004541,0.4638833333333333
SG_004549,0.21815
SG_004552,0.5696166666666667
SG_004553,0.07906666666666667
SG_004556,0.12421666666666667
SG_004559,0.14195000000000002
SG_004562,0.22001666666666667
SG_004565,0.6355
SG_004568,0.20506666666666667
SG_004576,0.07531666666666666
SG_004577,0.4482333333333333
SG_004593,0.7928000000000001
SG_004594,0.6156333333333333
SG_004600,0.9199666666666667
SG_004602,0.9218333333333333
SG_004608,0.32953333333333334
SG_004609,0.6227333333333334
SG_004612,0.36343333333333333
SG_004614,0.03635000000000001
SG_004617,0.5812333333333334
SG_004620,0.29628333333333334
SG_004623,0.5982333333333334
SG_004626,0.9116666666666666
SG_004631,0.8165166666666667
SG_004632,0.4896
SG_004633,0.38985000000000003
SG_004635,0.33986666666666665
SG_004637,0.637
SG_004638,0.5625499999999999
SG_004641,0.9160666666666666
SG_004645,0.63075
SG_004652,0.17059999999999997
SG_004653,0.30923333333333336
SG_004655,0.9329500000000001
SG_004656,0.6834333333333333
SG_004658,0.22458333333333336
SG_004659,0.16793333333333332
SG_004662,0.5781499999999999
SG_004664,0.23478333333333334
SG_004668,0.4669833333333333
SG_004669,0.09233333333333332
SG_004672,0.9312833333333334
SG_004676,0.6001
SG_004682,0.17401666666666665
SG_004685,0.9327166666666666
SG_004689,0.34086666666666665
SG_004695,0.37316666666666665
SG_004697,0.35731666666666667
SG_004700,0.5968
SG_004701,0.96425
SG_004709,0.7756
SG_004710,0.3464333333333333
SG_004712,0.18238333333333334
SG_004716,0.5139833333333333
SG_004720,0.03693333333333333
SG_004721,0.21026666666666669
SG_004723,0.48695
SG_004731,0.7876333333333334
SG_004736,0.8503833333333334
SG_004737,0.74055
SG_004738,0.5058666666666667
SG_004739,0.9217833333333334
SG_004742,0.5818833333333333
SG_004751,0.95285
SG_004753,0.021683333333333332
SG_004755,0.8444833333333334
SG_004757,0.21016666666666664
SG_004760,0.20650000000000002
SG_004761,0.17298333333333332
SG_004762,0.38980000000000004
SG_004763,0.6412333333333333
SG_004764,0.47750000000000004
SG_004766,0.8243833333333334
SG_004769,0.19178333333333333
SG_004772,0.06215
SG_004773,0.4424
SG_004782,0.1787
SG_004784,0.4738
SG_004786,0.8392833333333334
SG_004787,0.5343333333333333
SG_004789,0.059166666666666666
SG_004797,0.23401666666666665
SG_004798,0.35015
SG_004799,0.8898666666666666
SG_004801,0.8814666666666667
SG_004804,0.8716
SG_004813,0.6465666666666666
SG_004816,0.9955499999999999
SG_004817,0.24958333333333332
SG_004818,0.8081333333333334
SG_004821,0.54355
SG_004827,0.34118333333333334
SG_004828,0.3772166666666667
SG_004829,0.6586
SG_004830,0.9166333333333333
SG_004831,0.8987166666666666
SG_004836,0.31551666666666667
SG_004840,0.35006666666666664
SG_004842,0.4768833333333333
SG_004844,0.04506666666666667
SG_004846,0.8584166666666666
SG_004853,0.42045
SG_004855,0.9103166666666667
SG_004856,0.09759999999999999
SG_004866,0.39144999999999996
SG_004867,0.028916666666666667
SG_004868,0.9728666666666667
SG_004873,0.7493
SG_004877,0.28923333333333334
SG_004881,0.3536166666666667
SG_004882,0.8520333333333333
SG_004887,0.7737499999999999
SG_004898,0.9869833333333333
SG_004900,0.5156499999999999
SG_004906,0.9578666666666666
SG_004907,0.5588666666666667
SG_004912,0.6698000000000001
SG_004913,0.14096666666666666
SG_004919,0.1497
SG_004922,0.6996333333333333
SG_004923,0.5234166666666666
SG_004925,0.64465
SG_004927,0.12071666666666667
SG_004929,0.8512666666666666
SG_004930,0.79515
SG_004939,0.8172499999999999
SG_004942,0.027316666666666666
SG_004944,0.26913333333333334
SG_004945,0.15228333333333333
SG_004959,0.7008333333333334
SG_004960,0.8495666666666667
SG_004964,0.13758333333333334
SG_004968,0.96285
SG_004969,0.6607833333333334
SG_004973,0.90685
SG_004975,0.5072
SG_004981,0.6283666666666666
SG_004985,0.7721833333333333
SG_004988,0.3785333333333334
SG_004990,0.37678333333333336
SG_004993,0.22804999999999997
SG_004997,0.01245
SG_005000,0.25043333333333334
SG_005002,0.8633333333333334
SG_005004,0.9285166666666667
SG_005011,0.42545
SG_005013,0.11298333333333332
SG_005018,0.2763833333333333
SG_005019,0.23215
SG_005020,0.14566666666666667
SG_005022,0.08798333333333333
SG_005027,0.46033333333333337
SG_005029,0.08748333333333333
SG_005030,0.18538333333333334
SG_005031,0.17415
SG_005033,0.040433333333333335
SG_005037,0.09213333333333334
SG_005041,0.06798333333333334
SG_005048,0.5839666666666666
SG_005049,0.54835
SG_005052,0.40148333333333336
SG_005057,0.41333333333333333
SG_005058,0.33575
SG_005062,0.9692000000000001
SG_005080,0.23128333333333334
SG_005085,0.08748333333333334
SG_005086,0.5015833333333333
SG_005089,0.6582666666666667
SG_005090,0.08813333333333334
SG_005091,0.9449000000000001
SG_005094,0.7125166666666667
SG_005097,0.6926666666666667
SG_005098,0.44831666666666664
SG_005100,0.9479666666666666
SG_005101,0.7481333333333333
SG_005102,0.9373166666666666
SG_005108,0.9311166666666667
SG_005110,0.94435
SG_005114,0.5967833333333333
SG_005120,0.46535000000000004
SG_005122,0.3617166666666667
SG_005123,0.44253333333333333
SG_005126,0.58695
SG_005131,0.07051666666666667
SG_005132,0.11588333333333334
SG_005134,0.18956666666666666
SG_005137,0.3681
SG_005140,0.3512166666666667
SG_005141,0.5003
SG_005142,0.7568333333333332
SG_005143,0.11415
SG_005148,0.68395
SG_005161,0.82325
SG_005168,0.7608333333333333
SG_005170,0.1875666666666667
SG_005171,0.75825
SG_005174,0.35691666666666666
SG_005175,0.40574999999999994
SG_005178,0.5897
SG_005179,0.05109999999999999
SG_005188,0.7998000000000001
SG_005190,0.5756333333333333
SG_005191,0.1624
SG_005194,0.96915
SG_005196,0.20116666666666666
SG_005199,0.20274999999999999
SG_005200,0.12471666666666667
SG_005203,0.2939333333333333
SG_005205,0.5326
SG_005213,0.0686
SG_005214,0.6795
SG_005216,0.9005666666666666
SG_005220,0.5521666666666667
SG_005224,0.17205
SG_005228,0.74005
SG_005233,0.21539999999999998
SG_005235,0.6449666666666667
SG_005240,0.0948
SG_005241,0.34535
SG_005246,0.7197
SG_005247,0.5381
SG_005248,0.43951666666666667
SG_005250,0.5704333333333333
SG_005251,0.49505
SG_005253,0.03155
SG_005255,0.36815
SG_005264,0.7654333333333333
SG_005268,0.06598333333333334
SG_005270,0.5627
SG_005277,0.8410833333333334
SG_005282,0.10533333333333333
SG_005283,0.72385
SG_005284,0.5390333333333334
SG_005287,0.9116333333333333
SG_005289,0.6246666666666667
SG_005291,0.7583
SG_005292,0.15741666666666665
SG_005296,0.04816666666666666
SG_005302,0.17188333333333333
SG_005305,0.5947666666666667
SG_005311,0.45635
SG_005312,0.4460833333333334
SG_005313,0.4629333333333333
SG_005316,0.27268333333333333
SG_005320,0.65595
SG_005321,0.6427
SG_005322,0.8439833333333333
SG_005323,0.65605
SG_005325,0.3603333333333333
SG_005328,0.30935
SG_005329,0.49463333333333337
SG_005332,0.6948833333333333
SG_005333,0.8715333333333334
SG_005335,0.2149833333333333
SG_005340,0.7621666666666667
SG_005341,0.35265
SG_005346,0.6323833333333334
SG_005350,0.9716166666666667
SG_005351,0.0744
SG_005353,0.018116666666666666
SG_005356,0.14606666666666668
SG_005360,0.8656666666666667
SG_005362,0.5857166666666667
SG_005363,0.17625
SG_005365,0.6140666666666666
SG_005371,0.4662833333333333
SG_005372,0.21378333333333333
SG_005376,0.8739333333333333
SG_005378,0.6489
SG_005379,0.09531666666666666
SG_005380,0.9171333333333334
SG_005384,0.97465
SG_005386,0.4812
SG_005387,0.9017833333333333
SG_005397,0.9297666666666666
SG_005401,0.82785
SG_005408,0.9492666666666667
SG_005412,0.521
SG_005414,0.8816333333333333
SG_005421,0.34168333333333334
SG_005424,0.14748333333333333
SG_005428,0.7470666666666667
SG_005432,0.4847166666666667
SG_005439,0.9812166666666666
SG_005444,0.3206833333333333
SG_005445,0.6244666666666666
SG_005446,0.5675166666666667
SG_005447,0.9394
SG_005449,0.43435
SG_005450,0.8011666666666666
SG_005451,0.4780333333333333
SG_005452,0.12023333333333333
SG_005456,0.31078333333333336
SG_005457,0.11376666666666665
SG_005459,0.0002
SG_005460,0.22521666666666668
SG_005465,0.7561166666666667
SG_005466,0.8375166666666667
SG_005470,0.8354
SG_005473,0.6199833333333333
SG_005477,0.7207333333333333
SG_005486,0.24114999999999998
SG_005489,0.44083333333333335
SG_005491,0.8206833333333333
SG_005496,0.46176666666666666
SG_005497,0.7149833333333333
SG_005499,0.9048833333333333
SG_005503,0.30186666666666667
SG_005504,0.27316666666666667
SG_005506,0.4103
SG_005510,0.20606666666666668
SG_005511,0.9926333333333334
SG_005515,0.27326666666666666
SG_005518,0.78945
SG_005519,0.84645
SG_005524,0.9384333333333332
SG_005529,0.8231999999999999
SG_005530,0.5325
SG_005531,0.25321666666666665
SG_005532,0.09198333333333333
SG_005534,0.7327999999999999
SG_005535,0.6640999999999999
SG_005541,0.6547000000000001
SG_005542,0.38078333333333336
SG_005550,0.08466666666666667
SG_005555,0.31645
SG_005557,0.26766666666666666
SG_005565,0.7085
SG_005569,0.24370000000000003
SG_005572,0.07431666666666667
SG_005575,0.1643
SG_005579,0.9814666666666665
SG_005580,0.58525
SG_005583,0.15238333333333334
SG_005591,0.9597666666666667
SG_005592,0.39369999999999994
SG_005593,0.48273333333333335
SG_005594,0.34685
SG_005599,0.5923166666666666
SG_005603,0.8844833333333334
SG_005606,0.3496
SG_005611,0.5637166666666666
SG_005615,0.77295
SG_005622,0.5409833333333334
SG_005625,0.7734166666666666
SG_005630,0.68885
SG_005634,0.4835
SG_005635,0.6293500000000001
SG_005636,0.9357166666666666
SG_005638,0.56995
SG_005640,0.14826666666666666
SG_005643,0.13498333333333332
SG_005644,0.34581666666666666
SG_005645,0.7675000000000001
SG_005650,0.7246333333333334
SG_005654,0.9515666666666667
SG_005655,0.014016666666666667
SG_005656,0.5578666666666666
SG_005661,0.9802
SG_005664,0.1283
SG_005666,0.6189
SG_005671,0.30138333333333334
SG_005681,0.36921666666666664
SG_005683,0.7660666666666667
SG_005687,0.42253333333333337
SG_005688,0.4524333333333333
SG_005691,0.5462
SG_005692,0.8999
SG_005693,0.49550000000000005
SG_005694,0.8721833333333333
SG_005696,0.5144666666666666
SG_005703,0.35185
SG_005704,0.40631666666666666
SG_005706,0.7858666666666667
SG_005707,0.8009666666666666
SG_005713,0.3147
SG_005715,0.50275
SG_005719,0.3044166666666667
SG_005722,0.006183333333333334
SG_005724,0.4276833333333333
SG_005725,0.4146666666666667
SG_005726,0.07658333333333334
SG_005730,0.8805666666666667
SG_005735,0.3945166666666666
SG_005736,0.8538833333333333
SG_005740,0.5484333333333333
SG_005748,0.6813833333333333
SG_005750,0.32965
SG_005753,0.7291
SG_005758,0.17796666666666666
SG_005759,0.16221666666666668
SG_005764,0.09764999999999999
SG_005765,0.051699999999999996
SG_005772,0.6674
SG_005773,0.07253333333333334
SG_005776,0.48701666666666665
SG_005778,0.7418666666666667
SG_005784,0.34565
SG_005786,0.15023333333333333
SG_005789,0.48218333333333335
SG_005794,0.45105
SG_005796,0.49473333333333336
SG_005801,0.6754833333333333
SG_005807,0.07976666666666665
SG_005809,0.42218333333333335
SG_005811,0.39003333333333334
SG_005813,0.17538333333333334
SG_005814,0.64895
SG_005817,0.11825
SG_005818,0.7430666666666667
SG_005820,0.09786666666666667
SG_005821,0.3746833333333333
SG_005824,0.15931666666666666
SG_005825,0.25556666666666666
SG_005827,0.4169833333333334
SG_005828,0.8682
SG_005830,0.4795
SG_005838,0.9700833333333334
SG_005840,0.9435833333333334
SG_005842,0.3725833333333333
SG_005846,0.25216666666666665
SG_005847,0.0707
SG_005848,0.5147833333333334
SG_005857,0.9671166666666666
SG_005861,0.0343
SG_005862,0.5825
SG_005871,0.28363333333333335
SG_005872,0.9653333333333334
SG_005873,0.19936666666666666
SG_005874,0.2848
SG_005875,0.5958166666666667
SG_005877,0.3201
SG_005880,0.1888
SG_005884,0.2317
SG_005892,0.92005
SG_005894,0.3579333333333333
SG_005898,0.8110666666666667
SG_005899,0.22799999999999998
SG_005905,0.6598666666666666
SG_005909,0.15998333333333334
SG_005910,0.73095
SG_005920,0.40140000000000003
SG_005921,0.5227833333333334
SG_005922,0.2525666666666667
SG_005925,0.6696666666666666
SG_005928,0.5275666666666667
SG_005932,0.01388333333333333
SG_005934,0.6225166666666666
SG_005935,0.23759999999999998
SG_005937,0.45935
SG_005939,0.2304
SG_005943,0.5519166666666666
SG_005951,0.15063333333333334
SG_005955,0.7402166666666666
SG_005959,0.8353666666666666
SG_005966,0.59025
SG_005967,0.89085
SG_005969,0.7190000000000001
SG_005976,0.9983166666666666
SG_005977,0.7129166666666666
SG_005979,0.6963333333333334
SG_005980,0.2587
SG_005985,0.85555
SG_005986,0.8671166666666668
SG_005991,0.9880333333333333
SG_005999,0.04488333333333333
SG_006000,0.6409499999999999
SG_006004,0.9384833333333333
SG_006009,0.7591833333333333
SG_006012,0.4504666666666667
SG_006013,0.5956666666666667
SG_006022,0.60795
SG_006023,0.9707333333333334
SG_006026,0.31279999999999997
SG_006028,0.7884833333333334
SG_006029,0.5019666666666667
SG_006033,0.7393666666666666
SG_006035,0.17718333333333333
SG_006036,0.45929999999999993
SG_006038,0.40693333333333337
SG_006039,0.8377333333333334
SG_006041,0.2774
SG_006047,0.6059
SG_006049,0.3042
SG_006050,0.7477833333333332
SG_006054,0.024383333333333333
SG_006063,0.47821666666666673
SG_006067,0.9706666666666666
SG_006069,0.9400666666666666
SG_006073,0.15035
SG_006074,0.31848333333333334
SG_006075,0.13641666666666669
SG_006076,0.45293333333333335
SG_006077,0.7985333333333334
SG_006079,0.7711666666666667
SG_006081,0.059699999999999996
SG_006086,0.20840000000000003
SG_006092,0.26188333333333336
SG_006095,0.5073833333333333
SG_006097,0.9052666666666667
SG_006099,0.9431666666666667
SG_006101,0.36195
SG_006112,0.8322166666666667
SG_006122,0.5048333333333334
SG_006127,0.68405
SG_006131,0.10636666666666666
SG_006133,0.3313
SG_006136,0.4793
SG_006137,0.6859
SG_006140,0.7672666666666668
SG_006143,0.3675333333333333
SG_006148,0.20793333333333333
SG_006150,0.8535166666666666
SG_006151,0.76655
SG_006154,0.08826666666666666
SG_006161,0.22166666666666668
SG_006163,0.72815
SG_006169,0.8818666666666668
SG_006170,0.21161666666666668
SG_006179,0.6914666666666667
SG_006181,0.24663333333333334
SG_006184,0.14701666666666666
SG_006187,0.10433333333333333
SG_006189,0.6049333333333333
SG_006197,0.02223333333333333
SG_006202,0.22808333333333333
SG_006206,0.3852833333333333
SG_006212,0.8094833333333332
SG_006213,0.7440333333333333
SG_006218,0.34598333333333336
SG_006222,0.5011166666666667
SG_006224,0.18323333333333333
SG_006225,0.9879333333333333
SG_006226,0.7539
SG_006229,0.14975
SG_006237,0.8680333333333334
SG_006238,0.11265
SG_006240,0.026466666666666666
SG_006241,0.0758
SG_006242,0.7807666666666666
SG_006244,0.7699833333333334
SG_006245,0.1094
SG_006247,0.5939666666666666
SG_006250,0.23363333333333333
SG_006251,0.4573
SG_006252,0.4345333333333333
SG_006254,0.9445999999999999
SG_006256,0.85075
SG_006260,0.6163333333333334
SG_006262,0.24396666666666667
SG_006263,0.36195
SG_006264,0.050416666666666665
SG_006266,0.9773666666666667
SG_006269,0.8279333333333332
SG_006275,0.91945
SG_006277,0.1056
SG_006283,0.3823333333333333
SG_006284,0.22139999999999999
SG_006287,0.4012
SG_006288,0.17841666666666667
SG_006300,0.46465
SG_006301,0.49421666666666664
SG_006304,0.6344333333333334
SG_006306,0.48711666666666664
SG_006313,0.5264333333333334
SG_006315,0.35073333333333334
SG_006317,0.5915333333333334
SG_006320,0.5976166666666667
SG_006322,0.9615333333333334
SG_006326,0.18238333333333331
SG_006328,0.83795
SG_006331,0.23286666666666667
SG_006337,0.71565
SG_006340,0.68055
SG_006345,0.7069500000000001
SG_006348,0.07428333333333334
SG_006349,0.20193333333333333
SG_006356,0.56465
SG_006357,0.13645000000000002
SG_006358,0.5795833333333333
SG_006360,0.73615
SG_006371,0.3787
SG_006373,0.5721166666666667
SG_006380,0.7568666666666667
SG_006382,0.1334
SG_006388,0.03811666666666667
SG_006393,0.625
SG_006394,0.02305
SG_006396,0.1535
SG_006398,0.6696833333333333
SG_006400,0.6886000000000001
SG_006403,0.1469
SG_006404,0.10215000000000002
SG_006411,0.5008666666666667
SG_006417,0.6880166666666667
SG_006418,0.7474666666666667
SG_006420,0.6581166666666667
SG_006421,0.10054999999999999
SG_006423,0.3177
SG_006424,0.5917833333333333
SG_006429,0.7352666666666667
SG_006435,0.11063333333333333
SG_006438,0.75675
SG_006439,0.8538
SG_006441,0.21555000000000002
SG_006445,0.4572833333333333
SG_006446,0.7078333333333333
SG_006448,0.5089166666666667
SG_006451,0.17271666666666663
SG_006452,0.4994333333333334
SG_006455,0.569
SG_006463,0.8568333333333333
SG_006467,0.5270666666666667
SG_006469,0.24528333333333333
SG_006470,0.55565
SG_006477,0.8054666666666668
SG_006480,0.9393
SG_006486,0.5079833333333333
SG_006487,0.39075
SG_006488,0.8300333333333334
SG_006490,0.8041333333333334
SG_006491,0.7624833333333333
SG_006493,0.6675
SG_006494,0.5448999999999999
SG_006496,0.17049999999999998
SG_006497,0.53945
SG_006498,0.8084499999999999
SG_006500,0.7921
SG_006502,0.10994999999999999
SG_006503,0.3337333333333333
SG_006505,0.9089333333333333
SG_006506,0.7961666666666667
SG_006507,0.45968333333333333
SG_006512,0.2869833333333333
SG_006516,0.3916333333333334
SG_006520,0.26281666666666664
SG_006522,0.5463666666666667
SG_006528,0.8762833333333333
SG_006534,0.7741333333333333
SG_006535,0.6853833333333333
SG_006536,0.3781
SG_006537,0.48893333333333333
SG_006539,0.8331666666666666
SG_006541,0.3267
SG_006543,0.7865500000000001
SG_006545,0.6339666666666667
SG_006548,0.4967166666666667
SG_006550,0.046450000000000005
SG_006551,0.04496666666666667
SG_006557,0.3897333333333334
SG_006560,0.0245
SG_006564,0.9163333333333332
SG_006566,0.5971833333333334
SG_006567,0.9496666666666667
SG_006577,0.5680333333333334
SG_006579,0.24630000000000002
SG_006581,0.03526666666666667
SG_006588,0.3291
SG_006592,0.54445
SG_006597,0.011399999999999999
SG_006601,0.21101666666666666
SG_006607,0.03663333333333334
SG_006608,0.32366666666666666
SG_006610,0.0465
SG_006615,0.6275333333333334
SG_006616,0.4829333333333333
SG_006620,0.6398333333333334
SG_006622,0.21575
SG_006623,0.73105
SG_006624,0.49058333333333337
SG_006626,0.7717333333333334
SG_006627,0.93945
SG_006633,0.30428333333333335
SG_006637,0.57405
SG_006638,0.9697500000000001
SG_006639,0.64385
SG_006644,0.46173333333333333
SG_006645,0.7772
SG_006651,0.8326
SG_006659,0.2848333333333333
SG_006664,0.37788333333333335
SG_006668,0.21518333333333334
SG_006673,0.23086666666666666
SG_006687,0.44125
SG_006688,0.54895
SG_006690,0.6231166666666667
SG_006693,0.7090000000000001
SG_006698,0.014916666666666665
SG_006700,0.64995
SG_006706,0.2824833333333333
SG_006710,0.194
SG_006713,0.38785000000000003
SG_006716,0.5700500000000001
SG_006728,0.29828333333333334
SG_006734,0.8774499999999998
SG_006736,0.9478166666666666
SG_006744,0.6951333333333334
SG_006745,0.42561666666666664
SG_006749,0.36785
SG_006758,0.33061666666666667
SG_006760,0.5834833333333334
SG_006765,0.8518166666666667
SG_006766,0.8636666666666666
SG_006769,0.7406666666666667
SG_006778,0.09
SG_006780,0.4548333333333333
SG_006781,0.43561666666666665
SG_006786,0.7166666666666666
SG_006789,0.2803833333333333
SG_006792,0.5035666666666667
SG_006793,0.013483333333333333
SG_006800,0.8249666666666666
SG_006802,0.5874166666666667
SG_006808,0.5311166666666667
SG_006820,0.22928333333333334
SG_006833,0.3237
SG_006835,0.20165
SG_006837,0.3122666666666667
SG_006841,0.6366333333333334
SG_006847,0.43351666666666666
SG_006848,0.15338333333333332
SG_006851,0.23181666666666667
SG_006852,0.64355
SG_006860,0.18575
SG_006861,0.5768333333333333
SG_006863,0.28328333333333333
SG_006866,0.6844666666666667
SG_006868,0.45715000000000006
SG_006874,0.39490000000000003
SG_006877,0.25685
SG_006879,0.26148333333333335
SG_006880,0.22401666666666667
SG_006881,0.6109166666666667
SG_006889,0.07836666666666667
SG_006890,0.8047833333333333
SG_006897,0.96835
SG_006901,0.5921166666666666
SG_006908,0.2838833333333333
SG_006910,0.3495
SG_006914,0.9167666666666667
SG_006918,0.46886666666666665
SG_006924,0.22005000000000002
SG_006925,0.7295833333333334
SG_006927,0.31211666666666665
SG_006929,0.22698333333333331
SG_006937,0.7191166666666666
SG_006938,0.3030166666666667
SG_006940,0.4654666666666667
SG_006942,0.030099999999999995
SG_006945,0.026750000000000003
SG_006949,0.57285
SG_006950,0.86905
SG_006951,0.3833
SG_006953,0.04666666666666667
SG_006954,0.75875
SG_006956,0.8351333333333333
SG_006957,0.8526833333333335
SG_006962,0.3695166666666667
SG_006963,0.10571666666666667
SG_006964,0.10976666666666665
SG_006966,0.16521666666666665
SG_006970,0.5080666666666667
SG_006971,0.8465333333333334
SG_006972,0.4702666666666666
SG_006974,0.9950000000000001
SG_006977,0.4619
SG_006978,0.13896666666666666
SG_006981,0.83755
SG_006982,0.9766
SG_006983,0.03378333333333333
SG_006984,0.20388333333333333
SG_006987,0.5675333333333333
SG_006994,0.34455
SG_006997,0.037783333333333335
SG_007002,0.7704833333333334
SG_007005,0.6012666666666666
SG_007009,0.3776666666666667
SG_007011,0.43046666666666666
SG_007017,0.0074
SG_007018,0.009649999999999999
SG_007019,0.3228166666666667
SG_007029,0.5679
SG_007030,0.08801666666666666
SG_007033,0.5955666666666666
SG_007040,0.3747666666666667
SG_007047,0.9423000000000001
SG_007054,0.022016666666666667
SG_007055,0.9036333333333333
SG_007056,0.6251666666666666
SG_007061,0.45814999999999995
SG_007062,0.10264999999999999
SG_007067,0.5979166666666667
SG_007068,0.29788333333333333
SG_007069,0.88035
SG_007073,0.11116666666666666
SG_007075,0.7203833333333333
SG_007076,0.4310166666666667
SG_007078,0.6965666666666667
SG_007080,0.5703
SG_007091,0.4619333333333333
SG_007095,0.5328999999999999
SG_007100,0.43289999999999995
SG_007104,0.41261666666666663
SG_007112,0.5632166666666667
SG_007114,0.9146166666666666
SG_007127,0.17581666666666668
SG_007130,0.08953333333333334
SG_007133,0.6612833333333333
SG_007136,0.22845000000000001
SG_007138,0.9795
SG_007139,0.19140000000000001
SG_007143,0.5044833333333334
SG_007146,0.38043333333333335
SG_007150,0.3948833333333333
SG_007155,0.3335666666666667
SG_007157,0.7367333333333334
SG_007160,0.6357833333333334
SG_007162,0.44991666666666663
SG_007163,0.8736166666666667
SG_007166,0.9338
SG_007168,0.33135000000000003
SG_007170,0.20218333333333333
SG_007179,0.26995
SG_007181,0.09736666666666667
SG_007183,0.29428333333333334
SG_007186,0.09793333333333333
SG_007202,0.1293
SG_007203,0.7969666666666667
SG_007204,0.20734999999999998
SG_007205,0.9408000000000001
SG_007210,0.9098166666666667
SG_007212,0.5271166666666667
SG_007215,0.06874999999999999
SG_007218,0.6190833333333333
SG_007226,0.11879999999999999
SG_007229,0.6430833333333333
SG_007231,0.7811333333333333
SG_007234,0.5439
SG_007237,0.7644333333333333
SG_007239,0.07736666666666667
SG_007240,0.6132166666666667
SG_007249,0.7629333333333334
SG_007252,0.05943333333333333
SG_007255,0.15375
SG_007256,0.5157333333333334
SG_007257,0.71605
SG_007263,0.7093666666666667
SG_007264,0.23353333333333334
SG_007265,0.32925
SG_007268,0.23570000000000002
SG_007271,0.7505000000000001
SG_007275,0.4997166666666667
SG_007280,0.5290833333333333
SG_007281,0.8771166666666665
SG_007282,0.5522333333333334
SG_007283,0.2758833333333333
SG_007287,0.47409999999999997
SG_007288,0.7944500000000001
SG_007301,0.8084
SG_007307,0.18689999999999998
SG_007310,0.3281
SG_007312,0.7960166666666667
SG_007314,0.9006
SG_007319,0.20673333333333332
SG_007326,0.27390000000000003
SG_007331,0.28128333333333333
SG_007333,0.7759833333333334
SG_007334,0.65695
SG_007338,0.22604999999999997
SG_007340,0.9901166666666668
SG_007345,0.07898333333333332
SG_007349,0.3509
SG_007356,0.29050000000000004
SG_007358,0.026283333333333332
SG_007368,0.25888333333333335
SG_007370,0.28996666666666665
SG_007371,0.54955
SG_007372,0.36961666666666665
SG_007375,0.19956666666666667
SG_007378,0.18808333333333332
SG_007379,0.17663333333333334
SG_007380,0.8272666666666666
SG_007383,0.058550000000000005
SG_007384,0.8501666666666667
SG_007389,0.3815166666666666
SG_007390,0.27441666666666664
SG_007401,0.9052
SG_007403,0.4471333333333333
SG_007406,0.2704666666666667
SG_007409,0.9873
SG_007410,0.9682333333333333
SG_007413,0.5944666666666667
SG_007416,0.5979333333333333
SG_007419,0.6651666666666667
SG_007420,0.85555
SG_007423,0.604
SG_007424,0.9231
SG_007428,0.8637833333333333
SG_007433,0.5715
SG_007434,0.04781666666666666
SG_007437,0.2639
SG_007441,0.8104666666666667
SG_007443,0.6927166666666666
SG_007450,0.028233333333333333
SG_007452,0.8370166666666667
SG_007455,0.42563333333333336
SG_007462,0.6074
SG_007464,0.9590500000000001
SG_007466,0.22815000000000002
SG_007469,0.34923333333333334
SG_007470,0.9907833333333333
SG_007472,0.17598333333333332
SG_007476,0.8380166666666666
SG_007486,0.9509333333333334
SG_007489,0.5252333333333333
SG_007490,0.11736666666666667
SG_007495,0.9496
SG_007499,0.8113333333333335
SG_007506,0.029366666666666666
SG_007508,0.21595000000000003
SG_007509,0.1541
SG_007517,0.5777666666666667
SG_007518,0.8176666666666665
SG_007522,0.8717999999999999
SG_007524,0.5760333333333334
SG_007527,0.12365
SG_007535,0.18770000000000003
SG_007540,0.7528999999999999
SG_007546,0.8333
SG_007552,0.6790666666666667
SG_007553,0.6704833333333333
SG_007557,0.37265
SG_007558,0.8395666666666666
SG_007560,0.7788833333333333
SG_007568,0.048916666666666664
SG_007571,0.87535
SG_007573,0.52415
SG_007577,0.13281666666666667
SG_007578,0.36905
SG_007579,0.004216666666666667
SG_007582,0.7607333333333334
SG_007586,0.05598333333333333
SG_007587,0.6557833333333334
SG_007589,0.5634166666666667
SG_007591,0.05813333333333333
SG_007595,0.3407
SG_007597,0.48286666666666667
SG_007599,0.2784666666666667
SG_007602,0.6138833333333333
SG_007605,0.040900000000000006
SG_007609,0.15983333333333333
SG_007614,0.72505
SG_007620,0.40618333333333334
SG_007628,0.9420166666666667
SG_007630,0.3224
SG_007646,0.6203166666666666
SG_007648,0.34118333333333334
SG_007654,0.5066999999999999
SG_007655,0.8256666666666667
SG_007656,0.9991666666666668
SG_007657,0.8527
SG_007658,0.43661666666666665
SG_007659,0.7549666666666666
SG_007660,0.5945
SG_007663,0.283
SG_007665,0.8939333333333332
SG_007667,0.2290833333333333
SG_007670,0.29751666666666665
SG_007678,0.21216666666666667
SG_007679,0.8531
SG_007681,0.12430000000000001
SG_007685,0.6124333333333333
SG_007686,0.8340833333333333
SG_007687,0.4035333333333333
SG_007688,0.14168333333333333
SG_007691,0.18266666666666667
SG_007696,0.39131666666666665
SG_007698,0.18033333333333335
SG_007700,0.7865166666666668
SG_007703,0.10896666666666666
SG_007704,0.41661666666666664
SG_007706,0.73945
SG_007711,0.39383333333333337
SG_007712,0.7196666666666667
SG_007714,0.16893333333333332
SG_007717,0.5311166666666667
SG_007719,0.36373333333333335
SG_007720,0.3985333333333333
SG_007721,0.3231833333333333
SG_007728,0.71455
SG_007737,0.8216333333333334
SG_007741,0.3420333333333333
SG_007742,0.19594999999999999
SG_007744,0.41256666666666664
SG_007746,0.8868
SG_007748,0.32575
SG_007750,0.0605
SG_007751,0.024616666666666665
SG_007752,0.04241666666666667
SG_007758,0.7538833333333333
SG_007760,0.24334999999999998
SG_007762,0.9139
SG_007770,0.23243333333333333
SG_007772,0.4588166666666667
SG_007776,0.054966666666666664
SG_007780,0.7997166666666667
SG_007781,0.25770000000000004
SG_007782,0.19544999999999998
SG_007787,0.6622166666666667
SG_007800,0.8164333333333333
SG_007801,0.9404333333333333
SG_007804,0.05888333333333333
SG_007805,0.7641333333333333
SG_007807,0.5163666666666666
SG_007808,0.9706166666666666
SG_007813,0.5486833333333333
SG_007815,0.11186666666666667
SG_007817,0.4293833333333334
SG_007818,0.7627333333333333
SG_007820,0.4363166666666667
SG_007822,0.34385
SG_007823,0.3887
SG_007824,0.35525
SG_007834,0.31686666666666663
SG_007836,0.17885
SG_007839,0.19413333333333332
SG_007842,0.00635
SG_007844,0.3883666666666667
SG_007846,0.19090000000000001
SG_007849,0.20761666666666667
SG_007858,0.7612333333333333
SG_007864,0.9295666666666667
SG_007866,0.48025
SG_007875,0.63245
SG_007876,0.6026333333333332
SG_007880,0.45321666666666666
SG_007884,0.6532666666666667
SG_007889,0.7163666666666666
SG_007892,0.5453166666666667
SG_007897,0.40435
SG_007898,0.5813166666666667
SG_007899,0.2508666666666667
SG_007901,0.6725333333333333
SG_007908,0.7579333333333333
SG_007910,0.2890833333333333
SG_007922,0.3291333333333334
SG_007923,0.2874
SG_007926,0.9047333333333334
SG_007931,0.6158999999999999
SG_007933,0.6533666666666667
SG_007939,0.7377
SG_007940,0.33313333333333334
SG_007946,0.44186666666666663
SG_007947,0.6129166666666667
SG_007948,0.5516166666666666
SG_007954,0.19918333333333332
SG_007957,0.17826666666666666
SG_007960,0.8708833333333333
SG_007964,0.20366666666666666
SG_007965,0.18371666666666667
SG_007980,0.8890666666666667
SG_007985,0.5019666666666667
SG_007992,0.10203333333333334
SG_007996,0.4647
SG_007998,0.31124999999999997
SG_007999,0.24919999999999998
SG_008014,0.1794
SG_008015,0.3632666666666667
SG_008020,0.4237833333333333
SG_008026,0.35865
SG_008033,0.5326333333333334
SG_008043,0.31129999999999997
SG_008050,0.4515
SG_008055,0.4866166666666667
SG_008056,0.9222166666666667
SG_008058,0.6232
SG_008067,0.4427833333333333
SG_008074,0.8276666666666667
SG_008076,0.6536666666666666
SG_008081,0.8150333333333333
SG_008091,0.06634999999999999
SG_008099,0.5471666666666667
SG_008100,0.37578333333333336
SG_008101,0.11019999999999999
SG_008104,0.7440166666666667
SG_008115,0.76705
SG_008117,0.23779999999999998
SG_008118,0.7609166666666667
SG_008127,0.48586666666666667
SG_008131,0.42255
SG_008133,0.40995
SG_008137,0.5639666666666667
SG_008140,0.7750666666666666
SG_008141,0.6300000000000001
SG_008145,0.18595
SG_008152,0.3200833333333333
SG_008156,0.8689
SG_008160,0.5236666666666667
SG_008164,0.80105
SG_008167,0.7356333333333334
SG_008175,0.372
SG_008176,0.9031833333333333
SG_008183,0.85515
SG_008188,0.7006833333333333
SG_008191,0.20453333333333334
SG_008192,0.7262500000000001
SG_008193,0.14545
SG_008195,0.7594833333333334
SG_008202,0.8377166666666667
SG_008213,0.6253833333333334
SG_008217,0.8362166666666666
SG_008224,0.5529999999999999
SG_008228,0.6493333333333333
SG_008229,0.12845
SG_008237,0.12290000000000001
SG_008242,0.010133333333333333
SG_008246,0.46545
SG_008248,0.14036666666666667
SG_008249,0.7305666666666666
SG_008253,0.5139833333333333
SG_008257,0.7193833333333334
SG_008261,0.8968166666666667
SG_008264,0.5156166666666666
SG_008265,0.6237833333333334
SG_008281,0.7187333333333333
SG_008283,0.13988333333333333
SG_008287,0.17384999999999998
SG_008291,0.98345
SG_008293,0.7097166666666667
SG_008294,0.15626666666666666
SG_008296,0.28991666666666666
SG_008298,0.6525000000000001
SG_008309,0.7629666666666666
SG_008310,0.4588
SG_008312,0.46681666666666666
SG_008316,0.6773
SG_008317,0.07408333333333333
SG_008318,0.26858333333333334
SG_008327,0.11188333333333333
SG_008330,0.8901333333333332
SG_008333,0.02425
SG_008336,0.39249999999999996
SG_008345,0.3290166666666667
SG_008347,0.0809
SG_008355,0.8251833333333334
SG_008358,0.6777000000000001
SG_008359,0.9862666666666666
SG_008360,0.36406666666666665
SG_008361,0.24034999999999995
SG_008362,0.8664833333333333
SG_008365,0.29545
SG_008366,0.7749166666666667
SG_008375,0.29333333333333333
SG_008376,0.4224333333333333
SG_008382,0.11463333333333334
SG_008383,0.5392166666666667
SG_008388,0.78175
SG_008389,0.8076
SG_008392,0.5376666666666666
SG_008396,0.29913333333333336
SG_008402,0.2849666666666667
SG_008410,0.25543333333333335
SG_008413,0.7190333333333333
SG_008417,0.7234333333333334
SG_008420,0.97475
SG_008422,0.8326166666666667
SG_008435,0.7565999999999999
SG_008440,0.03813333333333334
SG_008441,0.8854833333333334
SG_008442,0.24159999999999998
SG_008443,0.2606833333333333
SG_008444,0.32115
SG_008449,0.5398666666666667
SG_008452,0.8948
SG_008457,0.7688999999999999
SG_008459,0.8826833333333333
SG_008462,0.35485
SG_008467,0.5671333333333333
SG_008468,0.3413
SG_008478,0.21443333333333334
SG_008482,0.9156666666666666
SG_008484,0.9017166666666667
SG_008485,0.56465
SG_008494,0.3231833333333333
SG_008497,0.5095666666666667
SG_008498,0.5300833333333334
SG_008500,0.8581333333333333
SG_008501,0.6662166666666667
SG_008504,0.20349999999999996
SG_008506,0.9104166666666667
SG_008512,0.88435
SG_008514,0.9809833333333333
SG_008517,0.58265
SG_008522,0.6732666666666667
SG_008527,0.34876666666666667
SG_008529,0.6243666666666666
SG_008531,0.0259
SG_008534,0.9886833333333334
SG_008535,0.31671666666666665
SG_008536,0.24768333333333334
SG_008538,0.6179333333333333
SG_008541,0.04635
SG_008542,0.5604833333333333
SG_008545,0.9782666666666666
SG_008547,0.6944
SG_008549,0.77545
SG_008550,0.25726666666666664
SG_008551,0.5078833333333334
SG_008553,0.29415
SG_008555,0.2632833333333333
SG_008557,0.6586833333333333
SG_008561,0.07111666666666666
SG_008564,0.3111666666666667
SG_008565,0.9233833333333333
SG_008568,0.2895666666666667
SG_008569,0.42263333333333336
SG_008570,0.8154833333333333
SG_008572,0.34926666666666667
SG_008574,0.7344166666666666
SG_008575,0.6088166666666667
SG_008576,0.0009166666666666668
SG_008577,0.7149833333333333
SG_008580,0.5618833333333334
SG_008586,0.3399333333333333
SG_008594,0.7932
SG_008598,0.12531666666666666
SG_008600,0.8852166666666665
SG_008614,0.6215333333333334
SG_008615,0.9016333333333333
SG_008617,0.35005
SG_008624,0.6368333333333334
SG_008630,0.7164666666666667
SG_008635,0.1893
SG_008636,0.17206666666666667
SG_008639,0.7847166666666666
SG_008645,0.15565
SG_008646,0.3867666666666667
SG_008650,0.8934
SG_008653,0.9118666666666667
SG_008669,0.8269166666666666
SG_008671,0.7601833333333333
SG_008689,0.7244333333333333
SG_008691,0.8863000000000001
SG_008693,0.6718166666666667
SG_008708,0.5089833333333333
SG_008714,0.6982833333333333
SG_008726,0.16341666666666665
SG_008727,0.9091333333333333
SG_008729,0.059783333333333334
SG_008734,0.9107166666666666
SG_008735,0.36651666666666666
SG_008737,0.96935
SG_008739,0.056650000000000006
SG_008745,0.9749166666666667
SG_008749,0.14973333333333333
SG_008755,0.24568333333333334
SG_008759,0.5326833333333334
SG_008766,0.3090333333333334
SG_008769,0.46431666666666666
SG_008770,0.18985
SG_008771,0.17938333333333334
SG_008773,0.8421
SG_008774,0.6794333333333333
SG_008776,0.14036666666666667
SG_008777,0.6209166666666667
SG_008780,0.6031166666666666
SG_008782,0.6045666666666667
SG_008784,0.6127
SG_008785,0.5256
SG_008787,0.29385
SG_008789,0.7445166666666667
SG_008793,0.3124166666666667
SG_008798,0.44561666666666666
SG_008810,0.75745
SG_008816,0.8806833333333333
SG_008823,0.8205
SG_008824,0.19225
SG_008825,0.8778666666666667
SG_008828,0.63555
SG_008836,0.23026666666666665
SG_008839,0.39138333333333336
SG_008840,0.02005
SG_008841,0.17326666666666665
SG_008843,0.6468999999999999
SG_008844,0.6518166666666667
SG_008845,0.7910166666666666
SG_008849,0.4658333333333333
SG_008850,0.5579000000000001
SG_008853,0.5181333333333333
SG_008855,0.21888333333333332
SG_008859,0.649
SG_008862,0.41226666666666667
SG_008864,0.21978333333333333
SG_008865,0.0797
SG_008866,0.02546666666666667
SG_008867,0.9699166666666668
SG_008869,0.87315
SG_008876,0.8292999999999999
SG_008881,0.5917
SG_008883,0.1841833333333333
SG_008888,0.03601666666666667
SG_008889,0.8734166666666667
SG_008895,0.6070333333333333
SG_008897,0.43146666666666667
SG_008901,0.17921666666666666
SG_008905,0.09308333333333332
SG_008907,0.14708333333333334
SG_008908,0.045083333333333336
SG_008910,0.18325000000000002
SG_008913,0.7276666666666667
SG_008914,0.32968333333333333
SG_008917,0.43151666666666666
SG_008919,0.27198333333333335
SG_008920,0.9587000000000001
SG_008925,0.6706333333333334
SG_008926,0.5197833333333334
SG_008927,0.28764999999999996
SG_008930,0.5927333333333333
SG_008932,0.3603
SG_008934,0.9618666666666666
SG_008937,0.05389999999999999
SG_008940,0.39885000000000004
SG_008943,0.46601666666666663
SG_008947,0.09538333333333333
SG_008955,0.7898833333333333
SG_008960,0.7487333333333334
SG_008962,0.03975
SG_008964,0.48574999999999996
SG_008965,0.029683333333333332
SG_008966,0.15255
SG_008971,0.17531666666666668
SG_008972,0.17546666666666666
SG_008976,0.8770333333333333
SG_008978,0.26213333333333333
SG_008983,0.3184166666666667
SG_008989,0.99295
SG_008990,0.3637666666666667
SG_008994,0.7749666666666667
SG_008996,0.7538
SG_008998,0.21148333333333333
SG_008999,0.0964
SG_009001,0.9465666666666666
SG_009005,0.4290833333333333
SG_009006,0.28325
SG_009011,0.4643833333333333
SG_009017,0.4422833333333333
SG_009018,0.36291666666666667
SG_009032,0.14504999999999998
SG_009034,0.37878333333333336
SG_009043,0.8480333333333334
SG_009047,0.19791666666666669
SG_009048,0.1466
SG_009053,0.05711666666666666
SG_009055,0.36793333333333333
SG_009058,0.31655
SG_009063,0.8899333333333334
SG_009064,0.8979166666666666
SG_009065,0.8747666666666667
SG_009069,0.4923666666666667
SG_009070,0.31011666666666665
SG_009072,0.5364833333333333
SG_009075,0.38449999999999995
SG_009079,0.3414833333333333
SG_009080,0.8272333333333333
SG_009081,0.34228333333333333
SG_009083,0.40855
SG_009085,0.20068333333333335
SG_009091,0.7125833333333333
SG_009093,0.24825
SG_009100,0.019016666666666668
SG_009109,0.6473
SG_009115,0.36333333333333334
SG_009119,0.4113
SG_009120,0.8154166666666667
SG_009123,0.60095
SG_009124,0.19305
SG_009127,0.10708333333333334
SG_009128,0.38243333333333335
SG_009135,0.8304499999999999
SG_009136,0.9043166666666667
SG_009139,0.6429499999999999
SG_009146,0.9642166666666666
SG_009147,0.7666833333333333
SG_009149,0.07243333333333334
SG_009150,0.7765833333333334
SG_009152,0.9553833333333333
SG_009153,0.4090333333333333
SG_009159,0.6083166666666667
SG_009168,0.6663166666666667
SG_009169,0.9556833333333333
SG_009170,0.23703333333333335
SG_009172,0.07006666666666667
SG_009176,0.32970000000000005
SG_009179,0.5797
SG_009183,0.51415
SG_009193,0.5855333333333334
SG_009196,0.8403499999999999
SG_009199,0.16413333333333333
SG_009202,0.6642833333333333
SG_009203,0.2789333333333333
SG_009204,0.07703333333333334
SG_009206,0.08233333333333334
SG_009207,0.8956833333333334
SG_009209,0.22765000000000002
SG_009210,0.7272333333333333
SG_009214,0.8611166666666665
SG_009220,0.47448333333333337
SG_009223,0.17806666666666665
SG_009224,0.4798
SG_009225,0.26393333333333335
SG_009226,0.9821166666666666
SG_009229,0.37596666666666667
SG_009230,0.7868166666666667
SG_009236,0.7912666666666667
SG_009242,0.23143333333333332
SG_009246,0.9354
SG_009250,0.6238166666666667
SG_009253,0.9226166666666666
SG_009266,0.9629833333333333
SG_009268,0.7259
SG_009272,0.9475333333333332
SG_009273,0.06281666666666667
SG_009274,0.5413666666666667
SG_009277,0.8894833333333334
SG_009278,0.5986666666666667
SG_009279,0.1568
SG_009280,0.40556666666666674
SG_009281,0.2508
SG_009289,0.78925
SG_009290,0.9649166666666668
SG_009299,0.08308333333333333
SG_009300,0.3035
SG_009305,0.10918333333333333
SG_009307,0.76715
SG_009319,0.2441833333333333
SG_009328,0.02945
SG_009333,0.40895000000000004
SG_009335,0.14508333333333331
SG_009341,0.4683833333333334
SG_009347,0.5087666666666667
SG_009354,0.6591333333333333
SG_009355,0.9644333333333333
SG_009357,0.45311666666666667
SG_009362,0.7466166666666667
SG_009363,0.9372166666666667
SG_009365,0.14150000000000001
SG_009366,0.9343333333333335
SG_009367,0.5931666666666667
SG_009370,0.7382333333333334
SG_009386,0.5077333333333334
SG_009392,0.13096666666666668
SG_009398,0.15945
SG_009400,0.2016666666666667
SG_009402,0.5584
SG_009403,0.4514333333333333
SG_009404,0.3136833333333333
SG_009406,0.5951333333333334
SG_009407,0.8037166666666666
SG_009408,0.010516666666666667
SG_009409,0.032883333333333334
SG_009410,0.9672333333333334
SG_009411,0.6945666666666667
SG_009412,0.20500000000000002
SG_009413,0.10326666666666666
SG_009415,0.38425
SG_009417,0.6842166666666667
SG_009419,0.4857166666666667
SG_009425,0.7655166666666666
SG_009426,0.58805
SG_009427,0.6569166666666667
SG_009429,0.007049999999999999
SG_009434,0.6629333333333334
SG_009438,0.2725
SG_009441,0.33858333333333335
SG_009442,0.25106666666666666
SG_009444,0.8536833333333333
SG_009445,0.9398666666666666
SG_009446,0.33899999999999997
SG_009447,0.4302
SG_009449,0.4692333333333333
SG_009455,0.2716166666666667
SG_009458,0.8325166666666666
SG_009461,0.9618
SG_009462,0.9563833333333334
SG_009466,0.5165333333333333
SG_009473,0.2698666666666667
SG_009478,0.723
SG_009479,0.39335
SG_009481,0.4366
SG_009485,0.26668333333333333
SG_009490,0.72835
SG_009496,0.21689999999999998
SG_009500,0.13408333333333333
SG_009502,0.9682
SG_009504,0.8044833333333332
SG_009505,0.40078333333333327
SG_009516,0.35263333333333335
SG_009518,0.8151666666666667
SG_009519,0.6577999999999999
SG_009528,0.3158166666666667
SG_009529,0.7341833333333333
SG_009530,0.09920000000000001
SG_009533,0.6196
SG_009537,0.18538333333333334
SG_009539,0.24566666666666667
SG_009540,0.23696666666666666
SG_009541,0.5844166666666667
SG_009544,0.3009
SG_009556,0.5958833333333333
SG_009558,0.59755
SG_009566,0.14268333333333333
SG_009567,0.6743666666666667
SG_009569,0.11071666666666667
SG_009573,0.5601666666666667
SG_009577,0.15066666666666667
SG_009581,0.28023333333333333
SG_009582,0.41828333333333334
SG_009584,0.12248333333333333
SG_009585,0.6936166666666668
SG_009589,0.4398666666666667
SG_009592,0.19721666666666665
SG_009593,0.6310833333333334
SG_009602,0.10493333333333332
SG_009614,0.3703666666666667
SG_009616,0.9351
SG_009618,0.99255
SG_009619,0.2192
SG_009620,0.5075
SG_009622,0.1761
SG_009630,0.9113166666666668
SG_009632,0.18581666666666666
SG_009639,0.07546666666666665
SG_009649,0.8011333333333334
SG_009651,0.7768999999999999
SG_009661,0.0304
SG_009670,0.06448333333333334
SG_009671,0.7020833333333334
SG_009679,0.8598666666666666
SG_009681,0.18641666666666667
SG_009683,0.35216666666666663
SG_009687,0.9399166666666667
SG_009690,0.37560000000000004
SG_009691,0.8328666666666666
SG_009694,0.4676166666666667
SG_009696,0.9719833333333334
SG_009701,0.7470666666666667
SG_009702,0.16971666666666668
SG_009707,0.4040333333333333
SG_009716,0.16154999999999997
SG_009718,0.5204
SG_009727,0.4161666666666667
SG_009736,0.44901666666666673
SG_009741,0.3058166666666667
SG_009744,0.7520166666666667
SG_009746,0.6356999999999999
SG_009747,0.7062333333333334
SG_009751,0.4787166666666667
SG_009754,0.6928666666666666
SG_009757,0.13193333333333335
SG_009759,0.7025
SG_009760,0.57685
SG_009762,0.09639999999999999
SG_009763,0.5079833333333333
SG_009766,0.35381666666666667
SG_009776,0.7066333333333333
SG_009778,0.8283166666666667
SG_009780,0.9285666666666667
SG_009782,0.8827666666666667
SG_009783,0.05595
SG_009785,0.3525333333333333
SG_009786,0.9041166666666667
SG_009791,0.35865
SG_009794,0.05184999999999999
SG_009795,0.6252833333333333
SG_009799,0.5488666666666666
SG_009800,0.9185333333333334
SG_009814,0.7947000000000001
SG_009819,0.2529166666666667
SG_009824,0.15635000000000002
SG_009825,0.9272833333333333
SG_009829,0.9782166666666667
SG_009834,0.6893666666666667
SG_009837,0.8022166666666667
SG_009838,0.32635000000000003
SG_009843,0.45188333333333336
SG_009845,0.49511666666666665
SG_009851,0.67955
SG_009855,0.9570000000000001
SG_009856,0.6709
SG_009862,0.1744166666666667
SG_009865,0.3075
SG_009867,0.3514333333333333
SG_009868,0.6721166666666667
SG_009869,0.17691666666666667
SG_009870,0.7315166666666667
SG_009875,0.32261666666666666
SG_009876,0.6034999999999999
SG_009877,0.6959666666666666
SG_009878,0.9040333333333334
SG_009880,0.7778166666666666
SG_009881,0.47573333333333334
SG_009895,0.8977333333333333
SG_009905,0.35763333333333336
SG_009909,0.4333666666666667
SG_009914,0.6423166666666666
SG_009916,0.6192
SG_009921,0.14128333333333332
SG_009923,0.7874333333333333
SG_009926,0.8469666666666666
SG_009929,0.8102
SG_009932,0.44744999999999996
SG_009933,0.23716666666666666
SG_009935,0.14546666666666666
SG_009936,0.5951000000000001
SG_009937,0.19591666666666668
SG_009941,0.10271666666666668
SG_009942,0.5502666666666667
SG_009953,0.8479166666666667
SG_009956,0.15835
SG_009959,0.26755
SG_009964,0.3928333333333333
SG_009972,0.8604666666666667
SG_009977,0.5914333333333333
SG_009979,0.9888666666666667
SG_009982,0.07166666666666667
SG_009985,0.9835333333333334
SG_009987,0.017033333333333334
SG_009989,0.7995
SG_009993,0.16451666666666667
SG_009997,0.6567333333333334
SG_009999,0.44004999999999994
SG_010002,0.9011333333333333
SG_010007,0.8779333333333332
SG_010008,0.33675
SG_010009,0.23419999999999996
SG_010010,0.5963166666666667
SG_010011,0.2775
SG_010012,0.08536666666666667
SG_010014,0.22899999999999998
SG_010015,0.6436333333333333
SG_010019,0.2528166666666667
SG_010020,0.10006666666666666
SG_010021,0.09230000000000001
SG_010024,0.2796166666666667
SG_010025,0.5283
SG_010034,0.3112666666666667
SG_010037,0.2067
SG_010038,0.20988333333333334
SG_010042,0.6538333333333334
SG_010045,0.4511166666666666
SG_010047,0.13151666666666667
SG_010048,0.8114166666666667
SG_010050,0.5125333333333333
SG_010052,0.6679999999999999
SG_010058,0.6655333333333333
SG_010061,0.8220999999999999
SG_010068,0.3954166666666667
SG_010069,0.1381
SG_010074,0.6215166666666667
SG_010078,0.28508333333333336
SG_010081,0.11633333333333332
SG_010084,0.3571666666666667
SG_010085,0.44171666666666665
SG_010086,0.9935
SG_010088,0.5422666666666667
SG_010091,0.07318333333333334
SG_010092,0.8502666666666667
SG_010099,0.6776
SG_010101,0.31551666666666667
SG_010103,0.13525
SG_010104,0.6611833333333332
SG_010106,0.9190666666666667
SG_010109,0.15615
SG_010115,0.12958333333333333
SG_010116,0.6585
SG_010117,0.7947666666666666
SG_010123,0.9839500000000001
SG_010130,0.08905
SG_010132,0.06611666666666666
SG_010134,0.7786833333333333
SG_010142,0.9935666666666667
SG_010144,0.22545
SG_010146,0.49944999999999995
SG_010151,0.051199999999999996
SG_010153,0.9958333333333333
SG_010155,0.8081166666666667
SG_010157,0.8692
SG_010165,0.10538333333333333
SG_010166,0.4563333333333333
SG_010169,0.1472
SG_010170,0.25211666666666666
SG_010172,0.1353166666666667
SG_010173,0.5778333333333333
SG_010174,0.45065
SG_010175,0.4985666666666667
SG_010176,0.8186833333333334
SG_010182,0.09885
SG_010183,0.49873333333333336
SG_010184,0.7275333333333334
SG_010187,0.36565
SG_010195,0.22528333333333334
SG_010198,0.46885
SG_010199,0.3886833333333333
SG_010200,0.04686666666666667
SG_010204,0.7385166666666666
SG_010206,0.4829
SG_010208,0.6761333333333334
SG_010209,0.24530000000000002
SG_010210,0.645
SG_010213,0.48528333333333334
SG_010217,0.6929
SG_010226,0.9485666666666666
SG_010227,0.12768333333333332
SG_010234,0.12416666666666668
SG_010235,0.29603333333333337
SG_010238,0.9169333333333334
SG_010241,0.47383333333333333
SG_010242,0.10535
SG_010243,0.22888333333333336
SG_010246,0.6196833333333334
SG_010252,0.8751
SG_010253,0.97645
SG_010256,0.5910333333333333
SG_010257,0.49356666666666665
SG_010258,0.08505
SG_010259,0.9246666666666665
SG_010261,0.5394166666666667
SG_010263,0.22653333333333334
SG_010265,0.009516666666666666
SG_010267,0.07841666666666668
SG_010271,0.7685500000000001
SG_010273,0.47213333333333335
SG_010274,0.16698333333333334
SG_010277,0.7386166666666667
SG_010284,0.055516666666666666
SG_010286,0.25965
SG_010287,0.9471166666666666
SG_010288,0.24206666666666665
SG_010293,0.3015
SG_010294,0.7677499999999999
SG_010298,0.2901166666666667
SG_010306,0.7149333333333333
SG_010313,0.31593333333333334
SG_010315,0.9148833333333333
SG_010316,0.7671333333333333
SG_010319,0.14785
SG_010320,0.9861
SG_010322,0.5354666666666666
SG_010323,0.79325
SG_010326,0.026933333333333333
SG_010328,0.6481833333333333
SG_010329,0.9798499999999999
SG_010330,0.8768666666666667
SG_010332,0.04546666666666666
SG_010336,0.8539166666666667
SG_010344,0.6676166666666666
SG_010347,0.8535333333333333
SG_010350,0.4465
SG_010352,0.9834166666666666
SG_010354,0.5738833333333333
SG_010358,0.55135
SG_010371,0.31556666666666666
SG_010373,0.6382166666666667
SG_010379,0.1852333333333333
SG_010386,0.7068166666666666
SG_010393,0.15015
SG_010394,0.5971833333333333
SG_010399,0.9958
SG_010401,0.21588333333333334
SG_010404,0.088
SG_010406,0.77345
SG_010407,0.3448333333333333
SG_010409,0.98095
SG_010412,0.6258166666666667
SG_010418,0.21478333333333333
SG_010420,0.06231666666666666
SG_010424,0.8689333333333333
SG_010425,0.42965
SG_010428,0.9030833333333333
SG_010430,0.9731333333333333
SG_010431,0.6852666666666667
SG_010435,0.1373
SG_010442,0.9319000000000001
SG_010455,0.42645
SG_010459,0.3816166666666667
SG_010460,0.8485833333333334
SG_010461,0.6657833333333334
SG_010462,0.2575833333333333
SG_010465,0.10765
SG_010467,0.4207666666666667
SG_010469,0.8348666666666666
SG_010470,0.7881
SG_010472,0.0632
SG_010475,0.7868833333333334
SG_010477,0.9463833333333334
SG_010481,0.8839166666666667
SG_010482,0.2921833333333333
SG_010483,0.44239999999999996
SG_010485,0.873
SG_010486,0.23595
SG_010487,0.7943166666666667
SG_010490,0.4817
SG_010492,0.37288333333333334
SG_010493,0.33853333333333335
SG_010495,0.2329166666666667
SG_010498,0.3367833333333333
SG_010499,0.07733333333333334
SG_010501,0.8660833333333332
SG_010503,0.060149999999999995
SG_010505,0.272
SG_010506,0.30451666666666666
SG_010507,0.07669999999999999
SG_010509,0.4742833333333333
SG_010510,0.46073333333333333
SG_010515,0.9474833333333333
SG_010517,0.7798166666666667
SG_010518,0.7241666666666666
SG_010531,0.692
SG_010546,0.7392333333333333
SG_010547,0.18103333333333332
SG_010550,0.8209
SG_010552,0.30063333333333336
SG_010553,0.5348333333333333
SG_010555,0.5377333333333333
SG_010561,0.2938333333333334
SG_010562,0.32131666666666664
SG_010563,0.7448333333333333
SG_010569,0.5426666666666666
SG_010571,0.28658333333333336
SG_010577,0.07338333333333333
SG_010578,0.40151666666666663
SG_010579,0.44148333333333334
SG_010582,0.4577
SG_010585,0.9254
SG_010586,0.9292666666666667
SG_010588,0.34113333333333334
SG_010589,0.016216666666666667
SG_010590,0.8519166666666667
SG_010592,0.92035
SG_010594,0.16610000000000003
SG_010598,0.9152166666666667
SG_010600,0.17685
SG_010607,0.26731666666666665
SG_010611,0.7598
SG_010615,0.98395
SG_010616,0.6404833333333333
SG_010619,0.37698333333333334
SG_010627,0.33708333333333335
SG_010634,0.0446
SG_010635,0.16321666666666668
SG_010636,0.35318333333333335
SG_010649,0.8580833333333333
SG_010651,0.3332
SG_010653,0.44875
SG_010655,0.5841999999999999
SG_010659,0.25975000000000004
SG_010662,0.9672833333333334
SG_010664,0.8693166666666667
SG_010666,0.0538
SG_010668,0.49198333333333333
SG_010670,0.42284999999999995
SG_010673,0.8597
SG_010674,0.49844999999999995
SG_010679,0.8108
SG_010684,0.8453166666666667
SG_010685,0.07529999999999999
SG_010690,0.04825
SG_010696,0.2892166666666667
SG_010700,0.5727166666666667
SG_010707,0.23426666666666668
SG_010708,0.5427500000000001
SG_010713,0.32476666666666665
SG_010717,0.2828333333333333
SG_010718,0.51675
SG_010721,0.9486
SG_010722,0.21723333333333333
SG_010726,0.8700500000000001
SG_010729,0.3378333333333333
SG_010733,0.34075
SG_010734,0.6342666666666666
SG_010737,0.3744166666666667
SG_010739,0.18825
SG_010745,0.7993833333333333
SG_010752,0.42993333333333333
SG_010753,0.7168333333333333
SG_010757,0.09006666666666667
SG_010760,0.7233666666666666
SG_010763,0.41441666666666666
SG_010769,0.5936833333333333
SG_010772,0.8032333333333334
SG_010773,0.23673333333333335
SG_010774,0.41715
SG_010781,0.39076666666666665
SG_010784,0.11075
SG_010789,0.12266666666666667
SG_010791,0.56945
SG_010795,0.9715
SG_010796,0.43343333333333334
SG_010798,0.3952833333333333
SG_010801,0.5862499999999999
SG_010803,0.9253833333333333
SG_010808,0.5026666666666666
SG_010809,0.26921666666666666
SG_010810,0.7895000000000001
SG_010814,0.7574
SG_010816,0.0587
SG_010818,0.02245
SG_010824,0.9809333333333333
SG_010828,0.9260333333333333
SG_010830,0.9812833333333333
SG_010831,0.09141666666666667
SG_010837,0.9097666666666666
SG_010843,0.3419
SG_010844,0.92145
SG_010845,0.1644
SG_010846,0.29365
SG_010847,0.6971833333333333
SG_010853,0.20925
SG_010857,0.019633333333333336
SG_010860,0.5213333333333333
SG_010863,0.15776666666666667
SG_010865,0.4944166666666666
SG_010870,0.93925
SG_010871,0.5454333333333333
SG_010872,0.4847166666666667
SG_010876,0.98705
SG_010881,0.34153333333333336
SG_010882,0.6658833333333334
SG_010884,0.89725
SG_010887,0.0754
SG_010888,0.7073833333333334
SG_010889,0.7478833333333332
SG_010894,0.9157500000000001
SG_010896,0.73505
SG_010898,0.27058333333333334
SG_010902,0.22923333333333334
SG_010904,0.7496
SG_010907,0.76845
SG_010911,0.22725
SG_010922,0.7812666666666668
SG_010930,0.0162
SG_010946,0.5804
SG_010951,0.14608333333333334
SG_010956,0.7185166666666667
SG_010960,0.9536
SG_010961,0.35811666666666664
SG_010962,0.6264166666666666
SG_010969,0.2128833333333333
SG_010971,0.17276666666666665
SG_010973,0.8804000000000001
SG_010974,0.14848333333333333
SG_010977,0.03821666666666666
SG_010982,0.03478333333333333
SG_010985,0.19963333333333333
SG_010986,0.21238333333333334
SG_010987,0.8356000000000001
SG_010993,0.0817
SG_010995,0.030899999999999997
SG_010998,0.9625333333333335
SG_011003,0.47591666666666665
SG_011010,0.06468333333333334
SG_011012,0.3610333333333333
SG_011016,0.32205
SG_011017,0.4756666666666667
SG_011025,0.37878333333333336
SG_011031,0.8714
SG_011050,0.12746666666666667
SG_011052,0.43166666666666664
SG_011053,0.7586166666666667
SG_011055,0.42495
SG_011057,0.8382833333333333
SG_011060,0.2121
SG_011073,0.6646666666666666
SG_011075,0.82365
SG_011077,0.20679999999999998
SG_011088,0.30323333333333335
SG_011089,0.39535
SG_011097,0.1288
SG_011107,0.5028666666666667
SG_011110,0.5317333333333334
SG_011117,0.2964
SG_011120,0.8658833333333333
SG_011132,0.6093166666666667
SG_011133,0.06031666666666667
SG_011139,0.9775
SG_011143,0.7950333333333333
SG_011144,0.13245
SG_011147,0.6917833333333333
SG_011148,0.5181166666666667
SG_011151,0.031083333333333334
SG_011152,0.8509333333333334
SG_011154,0.3924666666666667
SG_011158,0.39941666666666664
SG_011159,0.9330666666666667
SG_011160,0.7773333333333332
SG_011161,0.68985
SG_011162,0.37238333333333334
SG_011164,0.17101666666666665
SG_011169,0.2063666666666667
SG_011170,0.08921666666666667
SG_011175,0.39485000000000003
SG_011176,0.7816333333333334
SG_011177,0.5337500000000001
SG_011182,0.5792833333333334
SG_011184,0.7133333333333334
SG_011186,0.5482333333333334
SG_011190,0.028683333333333335
SG_011192,0.8681666666666668
SG_011199,0.126
SG_011200,0.29989999999999994
SG_011201,0.25571666666666665
SG_011203,0.2975
SG_011208,0.9726333333333333
SG_011212,0.34306666666666663
SG_011214,0.5535333333333333
SG_011221,0.9869666666666667
SG_011222,0.6993
SG_011224,0.3331333333333333
SG_011226,0.8116666666666668
SG_011235,0.8134333333333333
SG_011239,0.09736666666666666
SG_011250,0.37131666666666663
SG_011257,0.78285
SG_011259,0.5750333333333333
SG_011261,0.35740000000000005
SG_011262,0.8741
SG_011266,0.5800666666666666
SG_011274,0.05365
SG_011275,0.10855000000000001
SG_011279,0.042383333333333335
SG_011280,0.4061
SG_011285,0.06548333333333334
SG_011291,0.36125
SG_011294,0.26255
SG_011298,0.5629333333333333
SG_011303,0.34933333333333333
SG_011304,0.2898166666666667
SG_011306,0.2548
SG_011307,0.5983333333333334
SG_011308,0.9255
SG_011309,0.3929
SG_011310,0.59135
SG_011312,0.8963666666666665
SG_011313,0.99905
SG_011327,0.22451666666666664
SG_011333,0.36698333333333333
SG_011335,0.6482
SG_011337,0.4862666666666667
SG_011340,0.04673333333333333
SG_011343,0.11508333333333334
SG_011345,0.1269
SG_011347,0.3272833333333333
SG_011350,0.2578666666666667
SG_011357,0.79325
SG_011360,0.5315166666666666
SG_011361,0.8313999999999999
SG_011367,0.16718333333333332
SG_011371,0.10628333333333333
SG_011376,0.27065
SG_011377,0.9467166666666667
SG_011380,0.15431666666666666
SG_011381,0.29985
SG_011383,0.2331833333333333
SG_011398,0.7483333333333333
SG_011401,0.46958333333333335
SG_011413,0.7762333333333333
SG_011416,0.15691666666666668
SG_011420,0.4890333333333333
SG_011429,0.44784999999999997
SG_011432,0.07188333333333333
SG_011437,0.3166
SG_011443,0.6812833333333332
SG_011447,0.9621666666666666
SG_011450,0.3843833333333333
SG_011457,0.4708333333333333
SG_011458,0.39480000000000004
SG_011460,0.3130333333333333
SG_011464,0.3870166666666667
SG_011468,0.14936666666666665
SG_011469,0.7433333333333333
SG_011473,0.8993500000000001
SG_011475,0.9437833333333333
SG_011479,0.7901166666666666
SG_011482,0.8598999999999999
SG_011483,0.9466333333333333
SG_011492,0.4054333333333333
SG_011493,0.6321666666666665
SG_011497,0.27615
SG_011503,0.41563333333333335
SG_011504,0.6404
SG_011505,0.40123333333333333
SG_011512,0.5830500000000001
SG_011519,0.35486666666666666
SG_011526,0.6711666666666667
SG_011527,0.5430833333333334
SG_011528,0.21608333333333335
SG_011532,0.05128333333333333
SG_011541,0.3814666666666667
SG_011544,0.5027833333333334
SG_011547,0.9094833333333334
SG_011548,0.8816333333333334
SG_011552,0.5913833333333333
SG_011566,0.5938833333333333
SG_011567,0.6441166666666667
SG_011569,0.7080333333333333
SG_011575,0.41128333333333333
SG_011576,0.9676833333333333
SG_011577,0.2093
SG_011581,0.6413833333333333
SG_011584,0.8466833333333333
SG_011586,0.8310666666666666
SG_011593,0.6267833333333334
SG_011597,0.19435000000000002
SG_011598,0.8914333333333333
SG_011602,0.48629999999999995
SG_011605,0.6906333333333333
SG_011607,0.12215
SG_011612,0.9987666666666667
SG_011616,0.44658333333333333
SG_011617,0.2241
SG_011620,0.9309333333333334
SG_011622,0.7376666666666667
SG_011625,0.2521666666666667
SG_011626,0.35663333333333336
SG_011627,0.8074
SG_011632,0.8671166666666668
SG_011633,0.6289499999999999
SG_011635,0.9273499999999999
SG_011638,0.7299166666666668
SG_011640,0.8134166666666667
SG_011645,0.44476666666666664
SG_011649,0.8153000000000001
SG_011656,0.3148333333333333
SG_011662,0.14858333333333332
SG_011663,0.6528
SG_011666,0.19905
SG_011672,0.21331666666666665
SG_011673,0.6643166666666667
SG_011676,0.9520000000000001
SG_011678,0.42186666666666667
SG_011682,0.2607666666666667
SG_011683,0.19948333333333335
SG_011684,0.11611666666666667
SG_011691,0.8464833333333333
SG_011694,0.08688333333333333
SG_011695,0.42115
SG_011697,0.6453666666666666
SG_011699,0.05901666666666667
SG_011701,0.6072500000000001
SG_011704,0.9489166666666666
SG_011705,0.29145
SG_011708,0.6653666666666667
SG_011714,0.9608833333333333
SG_011715,0.5418999999999999
SG_011720,0.45263333333333333
SG_011721,0.05716666666666667
SG_011727,0.15661666666666668
SG_011728,0.5437666666666666
SG_011729,0.3015333333333333
SG_011731,0.15708333333333335
SG_011736,0.5728
SG_011737,0.41983333333333334
SG_011747,0.3924833333333333
SG_011749,0.7825333333333333
SG_011750,0.4914166666666666
SG_011752,0.6002333333333334
SG_011757,0.9205833333333334
SG_011764,0.6356499999999999
SG_011767,0.12296666666666667
SG_011769,0.9657333333333333
SG_011770,0.8072
SG_011772,0.9083000000000001
SG_011773,0.2604166666666667
SG_011777,0.3583
SG_011779,0.5389333333333334
SG_011780,0.6911499999999999
SG_011786,0.86655
SG_011787,0.73475
SG_011789,0.12225000000000001
SG_011796,0.011416666666666667
SG_011799,0.4204
SG_011801,0.2862166666666667
SG_011802,0.8730833333333334
SG_011806,0.012416666666666666
SG_011812,0.7286
SG_011814,0.8054833333333333
SG_011815,0.6666333333333333
SG_011816,0.8901999999999999
SG_011830,0.83105
SG_011833,0.027366666666666668
SG_011843,0.6737666666666666
SG_011853,0.8427166666666667
SG_011855,0.9348333333333334
SG_011858,0.12714999999999999
SG_011861,0.21591666666666667
SG_011863,0.8529
SG_011864,0.9024333333333334
SG_011868,0.8515166666666667
SG_011869,0.5233666666666666
SG_011871,0.9581833333333334
SG_011886,0.23563333333333333
SG_011889,0.55135
SG_011890,0.67895
SG_011894,0.4920833333333333
SG_011896,0.22594999999999998
SG_011898,0.19579999999999997
SG_011900,0.4703333333333333
SG_011918,0.8783666666666666
SG_011922,0.2523166666666667
SG_011925,0.38844999999999996
SG_011926,0.6280166666666667
SG_011927,0.70575
SG_011931,0.2568
SG_011933,0.22078333333333333
SG_011936,0.019966666666666667
SG_011939,0.2294
SG_011940,0.32443333333333335
SG_011953,0.5721499999999999
SG_011955,0.8511333333333333
SG_011956,0.4825166666666667
SG_011959,0.101
SG_011961,0.8969500000000001
SG_011962,0.8757166666666667
SG_011966,0.94715
SG_011969,0.1938833333333333
SG_011971,0.26661666666666667
SG_011977,0.47191666666666665
SG_011978,0.21026666666666666
SG_011983,0.183
SG_011986,0.24516666666666664
SG_011988,0.26103333333333334
SG_011993,0.6026833333333333
SG_011995,0.8700333333333334
SG_011996,0.12328333333333333
SG_011997,0.4375
SG_012000,0.30988333333333334
SG_012013,0.5094500000000001
SG_012018,0.4509333333333333
SG_012019,0.45065
SG_012020,0.57845
SG_012022,0.22963333333333333
SG_012031,0.5245166666666666
SG_012040,0.44213333333333327
SG_012041,0.12085000000000001
SG_012048,0.16278333333333334
SG_012050,0.09540000000000001
SG_012051,0.08626666666666666
SG_012052,0.9718499999999999
SG_012064,0.7029833333333333
SG_012066,0.22213333333333335
SG_012068,0.3609833333333333
SG_012076,0.7248833333333333
SG_012077,0.12933333333333336
SG_012078,0.26535000000000003
SG_012079,0.024866666666666665
SG_012080,0.7782333333333333
SG_012081,0.28035
SG_012082,0.4507333333333333
SG_012086,0.5018333333333334
SG_012089,0.7683666666666666
SG_012097,0.21855000000000002
SG_012104,0.3683
SG_012108,0.6076833333333334
SG_012113,0.48544999999999994
SG_012119,0.9341666666666667
SG_012124,0.6906833333333333
SG_012125,0.16838333333333333
SG_012141,0.8370666666666666
SG_012143,0.5095666666666667
SG_012145,0.18353333333333333
SG_012148,0.27851666666666663
SG_012150,0.55265
SG_012162,0.36751666666666666
SG_012165,0.5702666666666667
SG_012166,0.6212666666666666
SG_012167,0.6455166666666666
SG_012168,0.08545
SG_012169,0.09578333333333333
SG_012170,0.07286666666666668
SG_012175,0.0491
SG_012176,0.37306666666666666
SG_012177,0.1788
SG_012181,0.6984833333333333
SG_012186,0.9920499999999999
SG_012190,0.4991333333333334
SG_012192,0.9537166666666665
SG_012194,0.6796333333333334
SG_012195,0.25688333333333335
SG_012198,0.4883666666666667
SG_012199,0.09223333333333333
SG_012205,0.9817499999999999
SG_012206,0.7437
SG_012211,0.07353333333333334
SG_012212,0.7386833333333334
SG_012213,0.2871666666666667
SG_012216,0.7164833333333334
SG_012217,0.7117333333333333
SG_012218,0.7235833333333332
SG_012220,0.30160000000000003
SG_012225,0.6786
SG_012230,0.22026666666666667
SG_012232,0.06541666666666666
SG_012234,0.45941666666666664
SG_012238,0.42000000000000004
SG_012241,0.5431166666666667
SG_012243,0.2258
SG_012247,0.10081666666666667
SG_012253,0.5019333333333333
SG_012258,0.8777833333333334
SG_012260,0.7137500000000001
SG_012263,0.1193
SG_012264,0.6049833333333333
SG_012266,0.87395
SG_012270,0.10528333333333334
SG_012272,0.09138333333333333
SG_012276,0.7386999999999999
SG_012277,0.07268333333333334
SG_012278,0.5303166666666667
SG_012279,0.8391333333333333
SG_012280,0.7912
SG_012281,0.9643666666666667
SG_012283,0.82585
SG_012284,0.8046
SG_012285,0.14681666666666668
SG_012290,0.71915
SG_012293,0.3163166666666667
SG_012301,0.8291666666666666
SG_012305,0.8395833333333333
SG_012307,0.7003166666666667
SG_012308,0.7132166666666667
SG_012310,0.6112
SG_012312,0.9760166666666668
SG_012313,0.48085
SG_012316,0.7052833333333333
SG_012321,0.29655
SG_012322,0.7618333333333333
SG_012326,0.46945
SG_012334,0.2715166666666667
SG_012336,0.23349999999999999
SG_012337,0.26545
SG_012339,0.9461999999999999
SG_012340,0.41878333333333334
SG_012345,0.021349999999999997
SG_012355,0.8591500000000001
SG_012362,0.8302166666666666
SG_012363,0.6723999999999999
SG_012368,0.8852
SG_012375,0.18118333333333334
SG_012378,0.017683333333333332
SG_012381,0.21155000000000002
SG_012384,0.2619166666666667
SG_012390,0.31905
SG_012393,0.36191666666666666
SG_012397,0.17113333333333333
SG_012400,0.5230833333333333
SG_012402,0.6300833333333333
SG_012410,0.38641666666666663
SG_012414,0.1632
SG_012419,0.4080166666666667
SG_012420,0.9815
SG_012422,0.59555
SG_012423,0.9355166666666667
SG_012424,0.2237
SG_012427,0.15473333333333333
SG_012432,0.47555
SG_012436,0.8646833333333332
SG_012437,0.6943
SG_012438,0.9309000000000001
SG_012444,0.15151666666666666
SG_012446,0.030783333333333333
SG_012452,0.9792833333333333
SG_012453,0.4441833333333334
SG_012456,0.4218166666666666
SG_012459,0.0402
SG_012468,0.4279833333333333
SG_012470,0.29545
SG_012480,0.5469833333333333
SG_012484,0.1791
SG_012489,0.11313333333333334
SG_012493,0.4443333333333333
SG_012495,0.883
SG_012499,0.8257666666666666
SG_012501,0.044
SG_012502,0.4720166666666667
SG_012504,0.9554666666666667
SG_012506,0.05581666666666667
SG_012509,0.9938499999999999
SG_012510,0.9594833333333334
SG_012513,0.44133333333333336
SG_012519,0.7194
SG_012520,0.5175833333333333
SG_012521,0.16044999999999998
SG_012525,0.47206666666666663
SG_012527,0.5478166666666666
SG_012531,0.38028333333333336
SG_012533,0.9674166666666666
SG_012538,0.20318333333333335
SG_012539,0.8526
SG_012548,0.5923833333333334
SG_012550,0.6880666666666666
SG_012552,0.4979
SG_012556,0.49733333333333335
SG_012561,0.8407833333333334
SG_012562,0.06728333333333333
SG_012563,0.7134833333333332
SG_012564,0.70565
SG_012567,0.10833333333333334
SG_012568,0.8795833333333333
SG_012571,0.7469666666666666
SG_012575,0.19668333333333332
SG_012579,0.6630833333333334
SG_012588,0.48686666666666667
SG_012591,0.23388333333333333
SG_012594,0.3544
SG_012596,0.10861666666666667
SG_012600,0.7857666666666667
SG_012601,0.17303333333333332
SG_012603,0.16228333333333333
SG_012606,0.37839999999999996
SG_012609,0.9915333333333334
SG_012610,0.07718333333333334
SG_012615,0.16925
SG_012616,0.4583
SG_012619,0.37783333333333335
SG_012623,0.65285
SG_012628,0.64065
SG_012630,0.8392833333333334
SG_012632,0.8035666666666667
SG_012636,0.5183166666666666
SG_012640,0.018083333333333333
SG_012643,0.8493333333333333
SG_012648,0.9676
SG_012651,0.3267
SG_012654,0.4736166666666667
SG_012660,0.899
SG_012661,0.9232666666666667
SG_012663,0.29525
SG_012669,0.09141666666666667
SG_012674,0.48951666666666666
SG_012680,0.46375
SG_012684,0.6238333333333332
SG_012688,0.5254833333333333
SG_012690,0.6613166666666668
SG_012697,0.6823333333333333
SG_012699,0.4324
SG_012701,0.1806333333333333
SG_012705,0.7176666666666667
SG_012709,0.4118333333333334
SG_012710,0.9327000000000001
SG_012715,0.6593666666666667
SG_012716,0.5256166666666666
SG_012718,0.7714000000000001
SG_012723,0.21841666666666668
SG_012724,0.3708166666666667
SG_012730,0.54635
SG_012734,0.7800166666666667
SG_012736,0.6188
SG_012738,0.1587
SG_012747,0.5449333333333333
SG_012749,0.8447500000000001
SG_012750,0.030100000000000002
SG_012753,0.6344333333333334
SG_012754,0.9965999999999999
SG_012757,0.14491666666666667
SG_012763,0.27105
SG_012764,0.14546666666666666
SG_012767,0.80515
SG_012768,0.6016833333333333
SG_012773,0.21993333333333331
SG_012775,0.061900000000000004
SG_012777,0.74065
SG_012786,0.5161666666666667
SG_012787,0.9364333333333333
SG_012792,0.8327833333333334
SG_012797,0.6689833333333334
SG_012805,0.34173333333333333
SG_012808,0.53575
SG_012810,0.8789500000000001
SG_012819,0.8897666666666666
SG_012821,0.97975
SG_012822,0.6636833333333333
SG_012831,0.32465
SG_012844,0.6800166666666667
SG_012845,0.06968333333333333
SG_012848,0.02595
SG_012849,0.8455
SG_012851,0.8462333333333333
SG_012859,0.039066666666666666
SG_012861,0.4882333333333333
SG_012869,0.9341166666666667
SG_012870,0.6443000000000001
SG_012873,0.6941833333333334
SG_012874,0.6756166666666668
SG_012883,0.21736666666666665
SG_012886,0.5866333333333332
SG_012887,0.11715
SG_012888,0.3521833333333333
SG_012891,0.14001666666666668
SG_012898,0.4790333333333333
SG_012905,0.9314999999999999
SG_012910,0.8002666666666667
SG_012913,0.24774999999999997
SG_012918,0.8741166666666667
SG_012919,0.4753
SG_012920,0.11428333333333335
SG_012923,0.20948333333333333
SG_012924,0.5458999999999999
SG_012926,0.9790666666666666
SG_012936,0.78495
SG_012938,0.7349333333333332
SG_012940,0.2066666666666667
SG_012945,0.4128833333333333
SG_012949,0.4151
SG_012958,0.7013333333333334
SG_012962,0.5559166666666666
SG_012967,0.3342333333333333
SG_012968,0.2263
SG_012970,0.16618333333333335
SG_012972,0.4151166666666667
SG_012978,0.31493333333333334
SG_012979,0.47078333333333333
SG_012980,0.9248166666666667
SG_012981,0.8668833333333335
SG_012983,0.5666833333333333
SG_012984,0.9841166666666666
SG_012989,0.5403666666666667
SG_012994,0.27068333333333333
SG_012997,0.31298333333333334
SG_013002,0.7196166666666668
SG_013009,0.6384333333333334
SG_013017,0.08518333333333333
SG_013023,0.9071
SG_013028,0.35290000000000005
SG_013030,0.4153666666666667
SG_013033,0.94825
SG_013042,0.7827166666666667
SG_013043,0.24311666666666665
SG_013045,0.5945333333333334
SG_013063,0.5300166666666666
SG_013064,0.34171666666666667
SG_013065,0.1387
SG_013068,0.8725499999999999
SG_013070,0.44338333333333335
SG_013071,0.16456666666666667
SG_013072,0.7810999999999999
SG_013077,0.45483333333333337
SG_013080,0.9542666666666666
SG_013082,0.5440166666666666
SG_013083,0.4045666666666667
SG_013085,0.9557666666666667
SG_013086,0.24491666666666667
SG_013093,0.2467333333333333
SG_013094,0.17858333333333332
SG_013096,0.9457500000000001
SG_013104,0.9066166666666666
SG_013108,0.08488333333333334
SG_013111,0.1786333333333333
SG_013112,0.5387666666666666
SG_013115,0.7738833333333333
SG_013117,0.58895
SG_013125,0.060733333333333334
SG_013127,0.38731666666666664
SG_013135,0.31451666666666667
SG_013138,0.6158333333333333
SG_013139,0.04965
SG_013141,0.7855833333333333
SG_013149,0.7390666666666666
SG_013150,0.8299166666666666
SG_013157,0.8095166666666667
SG_013159,0.7607166666666667
SG_013166,0.44605000000000006
SG_013172,0.7797166666666666
SG_013177,0.5096
SG_013178,0.08203333333333333
SG_013187,0.26915
SG_013196,0.5545
SG_013201,0.9757666666666667
SG_013202,0.15945
SG_013212,0.22448333333333334
SG_013219,0.7543333333333333
SG_013222,0.12714999999999999
SG_013223,0.8199833333333333
SG_013224,0.9823833333333333
SG_013233,0.2731166666666667
SG_013237,0.10364999999999999
SG_013245,0.2559666666666667
SG_013249,0.15689999999999998
SG_013250,0.47975
SG_013260,0.5066833333333334
SG_013264,0.45661666666666667
SG_013266,0.4865166666666666
SG_013267,0.9740666666666666
SG_013269,0.18785
SG_013273,0.8359166666666666
SG_013276,0.029033333333333335
SG_013280,0.7212000000000001
SG_013281,0.5857666666666667
SG_013282,0.27786666666666665
SG_013288,0.7959666666666667
SG_013292,0.2494
SG_013294,0.7653333333333333
SG_013297,0.1367
SG_013304,0.3066333333333333
SG_013311,0.37873333333333337
SG_013313,0.7585833333333333
SG_013314,0.19726666666666667
SG_013315,0.3699
SG_013317,0.80565
SG_013321,0.62405
SG_013323,0.25843333333333335
SG_013327,0.23111666666666666
SG_013328,0.17773333333333333
SG_013332,0.22221666666666667
SG_013337,0.3310333333333333
SG_013338,0.36915
SG_013339,0.04331666666666667
SG_013340,0.5979166666666667
SG_013342,0.03178333333333333
SG_013344,0.022716666666666666
SG_013345,0.5694833333333333
SG_013347,0.6629833333333334
SG_013348,0.15266666666666667
SG_013356,0.7982333333333334
SG_013358,0.6969833333333333
SG_013359,0.7202333333333333
SG_013360,0.20741666666666667
SG_013361,0.06236666666666667
SG_013362,0.9006666666666667
SG_013366,0.2607666666666667
SG_013371,0.8171499999999999
SG_013372,0.4000666666666667
SG_013374,0.9033666666666668
SG_013380,0.016366666666666668
SG_013383,0.5706166666666667
SG_013384,0.12146666666666667
SG_013391,0.9084666666666668
SG_013392,0.42416666666666664
SG_013393,0.9811666666666666
SG_013396,0.8867499999999999
SG_013400,0.7885166666666666
SG_013404,0.33295
SG_013412,0.4883333333333333
SG_013413,0.8467
SG_013414,0.10628333333333334
SG_013418,0.9016666666666666
SG_013420,0.08911666666666666
SG_013421,0.6851
SG_013424,0.8597833333333333
SG_013427,0.8876333333333333
SG_013430,0.87945
SG_013435,0.9104666666666666
SG_013438,0.8647333333333334
SG_013440,0.8443666666666667
SG_013443,0.9184833333333334
SG_013444,0.5142500000000001
SG_013446,0.08866666666666667
SG_013447,0.11151666666666667
SG_013452,0.28245
SG_013454,0.8462166666666667
SG_013456,0.5113333333333334
SG_013462,0.5834166666666667
SG_013463,0.9776833333333332
SG_013464,0.4659
SG_013468,0.0512
SG_013472,0.5277499999999999
SG_013474,0.5585833333333333
SG_013477,0.3722833333333333
SG_013480,0.29055000000000003
SG_013485,0.3827833333333333
SG_013486,0.5761166666666666
SG_013487,0.34158333333333335
SG_013491,0.7216833333333333
SG_013495,0.6552833333333332
SG_013499,0.2764
SG_013504,0.9827
SG_013508,0.6541333333333333
SG_013509,0.12145
SG_013515,0.54945
SG_013523,0.1421
SG_013528,0.49796666666666667
SG_013538,0.5536000000000001
SG_013542,0.32475
SG_013543,0.24693333333333334
SG_013544,0.6951666666666667
SG_013545,0.8920333333333333
SG_013546,0.23456666666666665
SG_013548,0.9539500000000001
SG_013549,0.7442166666666667
SG_013552,0.9758666666666667
SG_013553,0.63425
SG_013554,0.6974333333333333
SG_013557,0.16335
SG_013558,0.8231666666666667
SG_013561,0.9338500000000001
SG_013563,0.5629000000000001
SG_013565,0.39658333333333334
SG_013567,0.2673333333333333
SG_013568,0.03425
SG_013571,0.8001500000000001
SG_013574,0.5981500000000001
SG_013575,0.2059666666666667
SG_013578,0.9063666666666668
SG_013579,0.7897500000000001
SG_013580,0.72685
SG_013586,0.17845
SG_013588,0.3815666666666667
SG_013591,0.6417166666666667
SG_013598,0.9407666666666668
SG_013601,0.6404166666666666
SG_013602,0.9021166666666667
SG_013604,0.52915
SG_013608,0.7932666666666666
SG_013610,0.44606666666666667
SG_013612,0.6753666666666667
SG_013613,0.24278333333333335
SG_013616,0.2544666666666667
SG_013619,0.28168333333333334
SG_013624,0.78895
SG_013626,0.8387499999999999
SG_013628,0.90205
SG_013629,0.41409999999999997
SG_013633,0.32614999999999994
SG_013635,0.093
SG_013637,0.5073833333333333
SG_013638,0.5569333333333333
SG_013639,0.5442666666666667
SG_013641,0.7278333333333333
SG_013646,0.5776333333333333
SG_013653,0.16501666666666664
SG_013667,0.67405
SG_013668,0.5217166666666667
SG_013670,0.31371666666666664
SG_013675,0.6073999999999999
SG_013677,0.5688833333333333
SG_013678,0.661
SG_013681,0.4310333333333334
SG_013682,0.9586833333333333
SG_013683,0.83185
SG_013684,0.42515000000000003
SG_013685,0.23833333333333334
SG_013686,0.6134333333333333
SG_013690,0.5073666666666667
SG_013695,0.04273333333333333
SG_013705,0.61925
SG_013706,0.23995
SG_013708,0.05118333333333333
SG_013711,0.049166666666666664
SG_013713,0.8947499999999999
SG_013715,0.40635
SG_013716,0.6884666666666667
SG_013726,0.5112
SG_013727,0.02186666666666667
SG_013728,0.5619000000000001
SG_013731,0.1667
SG_013733,0.057166666666666664
SG_013737,0.5187166666666666
SG_013740,0.7204666666666666
SG_013741,0.48241666666666666
SG_013744,0.0814
SG_013745,0.8144166666666667
SG_013746,0.08531666666666668
SG_013747,0.4492666666666667
SG_013749,0.6748999999999999
SG_013755,0.4287166666666667
SG_013759,0.5884666666666667
SG_013765,0.5559
SG_013766,0.6768833333333333
SG_013769,0.28833333333333333
SG_013773,0.7448333333333332
SG_013785,0.2703833333333333
SG_013793,0.1437
SG_013800,0.15788333333333332
SG_013808,0.67355
SG_013815,0.6726333333333333
SG_013827,0.52655
SG_013840,0.17881666666666668
SG_013841,0.03211666666666667
SG_013842,0.39285000000000003
SG_013844,0.8181833333333333
SG_013845,0.4698333333333334
SG_013849,0.11126666666666667
SG_013850,0.4480333333333333
SG_013851,0.0846
SG_013853,0.6048833333333334
SG_013854,0.2207
SG_013855,0.4992333333333333
SG_013857,0.57045
SG_013860,0.9464166666666667
SG_013862,0.8398666666666667
SG_013867,0.84165
SG_013868,0.22083333333333333
SG_013870,0.13511666666666666
SG_013883,0.08521666666666666
SG_013884,0.2553833333333333
SG_013885,0.8863500000000001
SG_013892,0.8905000000000001
SG_013896,0.22731666666666667
SG_013898,0.79335
SG_013901,0.9021000000000001
SG_013905,0.7010833333333334
SG_013906,0.8511500000000001
SG_013907,0.307
SG_013910,0.3015
SG_013912,0.40895
SG_013914,0.6179166666666667
SG_013919,0.9397333333333333
SG_013922,0.6939833333333333
SG_013943,0.06295
SG_013944,0.2878833333333334
SG_013946,0.24088333333333334
SG_013948,0.25075000000000003
SG_013949,0.3697666666666667
SG_013953,0.4342666666666667
SG_013962,0.8312
SG_013965,0.7416333333333333
SG_013969,0.7764000000000001
SG_013974,0.08443333333333333
SG_013978,0.6761666666666667
SG_013979,0.0863
SG_013980,0.9387333333333334
SG_013986,0.66455
SG_013997,0.27293333333333336
SG_014000,0.43133333333333335
SG_014004,0.04481666666666667
SG_014009,0.6415833333333334
SG_014010,0.4206
SG_014012,0.4845166666666667
SG_014014,0.9588833333333333
SG_014015,0.7614166666666666
SG_014016,0.5339833333333334
SG_014017,0.9737666666666667
SG_014018,0.03165
SG_014020,0.39795
SG_014021,0.13673333333333332
SG_014022,0.60845
SG_014023,0.6130500000000001
SG_014026,0.9483666666666666
SG_014030,0.39885000000000004
SG_014031,0.4189166666666667
SG_014036,0.4563833333333333
SG_014037,0.16056666666666666
SG_014039,0.4377
SG_014045,0.5307333333333333
SG_014046,0.6183333333333333
SG_014047,0.6407166666666666
SG_014050,0.044983333333333334
SG_014053,0.5573833333333333
SG_014058,0.9043333333333333
SG_014059,0.8262833333333333
SG_014062,0.44261666666666666
SG_014067,0.8117166666666666
SG_014072,0.00975
SG_014073,0.5650833333333334
SG_014075,0.69495
SG_014081,0.6009333333333333
SG_014085,0.3962333333333333
SG_014088,0.5590333333333334
SG_014096,0.8095166666666667
SG_014099,0.7989166666666667
SG_014102,0.6932666666666667
SG_014105,0.5123333333333333
SG_014111,0.9413
SG_014113,0.66055
SG_014116,0.07673333333333333
SG_014122,0.6839833333333333
SG_014123,0.31903333333333334
SG_014124,0.7891333333333332
SG_014130,0.7969666666666666
SG_014132,0.5384833333333334
SG_014135,0.96765
SG_014136,0.5168333333333333
SG_014139,0.6359833333333333
SG_014140,0.8299333333333334
SG_014141,0.7536666666666667
SG_014146,0.709
SG_014155,0.5454
SG_014157,0.5078
SG_014161,0.43400000000000005
SG_014162,0.62975
SG_014165,0.5050166666666667
SG_014167,0.9493
SG_014168,0.8103833333333333
SG_014172,0.15541666666666668
SG_014176,0.2801166666666667
SG_014177,0.9722500000000001
SG_014184,0.9982666666666666
SG_014186,0.6828166666666667
SG_014188,0.69755
SG_014190,0.26208333333333333
SG_014191,0.2996333333333333
SG_014192,0.09343333333333333
SG_014194,0.7906833333333334
SG_014196,0.3173
SG_014197,0.8805333333333334
SG_014205,0.36691666666666667
SG_014210,0.37416666666666665
SG_014217,0.7829999999999999
SG_014219,0.8423
SG_014223,0.7915666666666666
SG_014235,0.026466666666666666
SG_014237,0.8435833333333334
SG_014243,0.6398
SG_014248,0.8648833333333334
SG_014249,0.6994166666666667
SG_014259,0.5436333333333333
SG_014269,0.8228333333333333
SG_014270,0.7821666666666667
SG_014272,0.01795
SG_014277,0.5055499999999999
SG_014288,0.3808
SG_014290,0.15833333333333335
SG_014292,0.8004666666666667
SG_014293,0.2982666666666667
SG_014295,0.3545
SG_014299,0.4844333333333333
SG_014308,0.6648833333333334
SG_014309,0.3374666666666667
SG_014311,0.9869666666666665
SG_014314,0.83355
SG_014319,0.05978333333333333
SG_014320,0.26913333333333334
SG_014321,0.9838333333333333
SG_014328,0.6825333333333333
SG_014334,0.11893333333333334
SG_014335,0.17725
SG_014339,0.7529499999999999
SG_014342,0.0431
SG_014343,0.9943833333333334
SG_014345,0.22485000000000002
SG_014363,0.2543333333333333
SG_014368,0.4393666666666667
SG_014370,0.011566666666666666
SG_014373,0.32205
SG_014375,0.48546666666666666
SG_014380,0.9700833333333334
SG_014383,0.9644166666666667
SG_014385,0.7077166666666667
SG_014386,0.5678666666666667
SG_014387,0.3691166666666667
SG_014389,0.35455000000000003
SG_014391,0.6209166666666667
SG_014394,0.9785333333333335
SG_014398,0.4870333333333333
SG_014402,0.14021666666666666
SG_014409,0.5655
SG_014411,0.58095
SG_014415,0.6450833333333333
SG_014416,0.622
SG_014418,0.08076666666666667
SG_014425,0.25329999999999997
SG_014426,0.9299833333333334
SG_014431,0.5650666666666667
SG_014432,0.9628833333333333
SG_014446,0.7645833333333334
SG_014447,0.3262333333333334
SG_014457,0.30615
SG_014465,0.7169000000000001
SG_014466,0.30960000000000004
SG_014469,0.17035
SG_014474,0.10703333333333334
SG_014484,0.3138166666666667
SG_014486,0.052333333333333336
SG_014488,0.1548
SG_014491,0.30488333333333334
SG_014495,0.7892
SG_014512,0.9046666666666667
SG_014514,0.3324666666666667
SG_014516,0.45200000000000007
SG_014519,0.3314166666666667
SG_014522,0.17311666666666667
SG_014529,0.6393333333333333
SG_014538,0.6924833333333333
SG_014544,0.6794166666666667
SG_014551,0.4247833333333333
SG_014552,0.5030833333333333
SG_014556,0.09078333333333333
SG_014562,0.77515
SG_014565,0.1429
SG_014566,0.9768166666666667
SG_014568,0.04493333333333333
SG_014569,0.02968333333333333
SG_014570,0.6449166666666667
SG_014578,0.33998333333333336
SG_014579,0.8147666666666666
SG_014581,0.5189333333333334
SG_014582,0.5776
SG_014583,0.23896666666666666
SG_014587,0.4347666666666667
SG_014594,0.26213333333333333
SG_014596,0.5517666666666666
SG_014597,0.7675333333333334
SG_014607,0.5708666666666666
SG_014611,0.13606666666666667
SG_014616,0.27996666666666664
SG_014617,0.27131666666666665
SG_014618,0.7741666666666667
SG_014619,0.022283333333333332
SG_014621,0.7662500000000001
SG_014626,0.7403166666666667
SG_014634,0.026549999999999997
SG_014635,0.6345333333333334
SG_014636,0.2939333333333333
SG_014637,0.3462
SG_014640,0.46495
SG_014641,0.5253666666666668
SG_014645,0.11585000000000001
SG_014647,0.24503333333333333
SG_014653,0.5677666666666666
SG_014655,0.29328333333333334
SG_014656,0.9362333333333335
SG_014657,0.9460999999999999
SG_014660,0.5428666666666666
SG_014667,0.13346666666666668
SG_014672,0.5938666666666667
SG_014677,0.1792
SG_014680,0.6198166666666667
SG_014681,0.7152833333333334
SG_014687,0.6257999999999999
SG_014690,0.4795333333333333
SG_014691,0.28598333333333337
SG_014700,0.8210833333333334
SG_014701,0.8580166666666666
SG_014702,0.9031166666666667
SG_014703,0.09918333333333333
SG_014712,0.6979500000000001
SG_014713,0.16816666666666666
SG_014718,0.11265
SG_014720,0.8420333333333333
SG_014723,0.29305
SG_014729,0.8868666666666667
SG_014731,0.68015
SG_014733,0.8216666666666667
SG_014735,0.8016333333333334
SG_014742,0.00835
SG_014746,0.17264999999999997
SG_014748,0.16608333333333333
SG_014749,0.3932
SG_014753,0.5351166666666667
SG_014754,0.13601666666666667
SG_014757,0.2787
SG_014771,0.25871666666666665
SG_014774,0.5569333333333333
SG_014777,0.35083333333333333
SG_014778,0.8973166666666668
SG_014780,0.34823333333333334
SG_014787,0.8216666666666668
SG_014800,0.5652333333333334
SG_014801,0.9838
SG_014802,0.2381
SG_014803,0.55445
SG_014808,0.13871666666666665
SG_014812,0.08101666666666667
SG_014813,0.07415
SG_014815,0.8622166666666666
SG_014824,0.048633333333333334
SG_014825,0.4606
SG_014827,0.5766
SG_014830,0.07546666666666667
SG_014834,0.24366666666666667
SG_014839,0.8671833333333334
SG_014844,0.9081
SG_014865,0.8635000000000002
SG_014866,0.18828333333333333
SG_014867,0.6196999999999999
SG_014871,0.9046333333333334
SG_014874,0.18771666666666667
SG_014875,0.6061333333333333
SG_014879,0.08095
SG_014880,0.0798
SG_014882,0.3470666666666667
SG_014885,0.7990166666666667
SG_014887,0.7946833333333334
SG_014894,0.3310666666666666
SG_014895,0.5477666666666667
SG_014898,0.1509
SG_014900,0.5283166666666667
SG_014906,0.8278333333333334
SG_014909,0.12986666666666669
SG_014914,0.3964
SG_014919,0.06286666666666667
SG_014921,0.43801666666666667
SG_014939,0.9903833333333334
SG_014940,0.5186833333333334
SG_014945,0.7249833333333333
SG_014946,0.0577
SG_014951,0.9900000000000001
SG_014953,0.9985
SG_014955,0.6871333333333334
SG_014959,0.3212666666666667
SG_014961,0.7112666666666667
SG_014964,0.7899333333333334
SG_014965,0.18626666666666666
SG_014966,0.51215
SG_014969,0.8158166666666666
SG_014972,0.5567833333333333
SG_014976,0.8124
SG_014979,0.006116666666666666
SG_014980,0.7058500000000001
SG_014984,0.6727666666666667
SG_014990,0.0128
SG_014998,0.09523333333333334
SG_014999,0.26621666666666666
SG_015001,0.7053333333333334
SG_015002,0.6833833333333333
SG_015014,0.43495
SG_015015,0.28504999999999997
SG_015021,0.3643
SG_015026,0.4398166666666667
SG_015031,0.9445
SG_015036,0.12848333333333334
SG_015039,0.031849999999999996
SG_015042,0.38788333333333336
SG_015044,0.3707166666666667
SG_015046,0.85005
SG_015047,0.8227166666666667
SG_015050,0.18130000000000002
SG_015054,0.7477
SG_015066,0.40063333333333334
SG_015068,0.9519166666666666
SG_015071,0.3600666666666667
SG_015075,0.13743333333333332
SG_015076,0.06393333333333333
SG_015081,0.7105666666666667
SG_015082,0.50765
SG_015085,0.3312
SG_015093,0.7729666666666667
SG_015095,0.5211333333333333
SG_015099,0.09856666666666666
SG_015102,0.27086666666666664
SG_015103,0.8581833333333333
SG_015111,0.3881
SG_015112,0.18111666666666665
SG_015118,0.25961666666666666
SG_015125,0.44543333333333324
SG_015126,0.4823666666666667
SG_015127,0.6124
SG_015129,0.4236166666666667
SG_015134,0.48251666666666665
SG_015135,0.6022000000000001
SG_015137,0.15021666666666667
SG_015138,0.9677
SG_015144,0.5158
SG_015146,0.3497
SG_015152,0.4300333333333333
SG_015155,0.11738333333333334
SG_015158,0.7373
SG_015159,0.37501666666666666
SG_015161,0.5487166666666666
SG_015165,0.9093
SG_015167,0.7629833333333333
SG_015169,0.5001666666666666
SG_015176,0.9732666666666666
SG_015180,0.34763333333333335
SG_015183,0.5476833333333333
SG_015189,0.48865
SG_015190,0.27553333333333335
SG_015192,0.22023333333333334
SG_015195,0.47695
SG_015197,0.6980166666666667
SG_015201,0.9691000000000001
SG_015202,0.22943333333333332
SG_015214,0.25715
SG_015215,0.6869666666666666
SG_015217,0.11265
SG_015222,0.4690333333333333
SG_015224,0.1016
SG_015235,0.49503333333333327
SG_015239,0.11715
SG_015246,0.16344999999999998
SG_015251,0.39255
SG_015252,0.7296666666666667
SG_015256,0.7613
SG_015257,0.7332666666666667
SG_015261,0.29286666666666666
SG_015262,0.5316166666666666
SG_015263,0.6992833333333333
SG_015269,0.4984
SG_015270,0.20265
SG_015272,0.21826666666666666
SG_015276,0.9244166666666667
SG_015277,0.1564333333333333
SG_015278,0.24995
SG_015279,0.6547333333333333
SG_015280,0.7508166666666667
SG_015283,0.58775
SG_015284,0.8382499999999999
SG_015289,0.9396833333333334
SG_015290,0.29613333333333336
SG_015294,0.38455
SG_015296,0.15045
SG_015297,0.9738166666666667
SG_015302,0.09966666666666665
SG_015304,0.8732166666666668
SG_015308,0.4823333333333334
SG_015309,0.4995833333333334
SG_015312,0.6789166666666666
SG_015317,0.9605666666666668
SG_015322,0.2987833333333333
SG_015323,0.5848
SG_015326,0.4142166666666667
SG_015329,0.09333333333333334
SG_015337,0.2351
SG_015339,0.4418833333333333
SG_015340,0.3385
SG_015341,0.8111166666666667
SG_015346,0.5943166666666666
SG_015348,0.3807333333333333
SG_015349,0.7515333333333334
SG_015351,0.7395666666666666
SG_015355,0.1560666666666667
SG_015356,0.67595
SG_015360,0.18758333333333335
SG_015361,0.7155833333333333
SG_015362,0.9345500000000001
SG_015363,0.2380833333333333
SG_015369,0.4211333333333333
SG_015372,0.5085
SG_015375,0.18798333333333334
SG_015381,0.6915
SG_015382,0.13583333333333333
SG_015383,0.31744999999999995
SG_015384,0.8775
SG_015388,0.5720333333333334
SG_015395,0.12816666666666665
SG_015397,0.37303333333333333
SG_015399,0.7223333333333333
SG_015400,0.8929333333333334
SG_015401,0.3832
SG_015402,0.6261333333333333
SG_015403,0.6789666666666667
SG_015406,0.6354666666666666
SG_015412,0.7872166666666667
SG_015421,0.9839333333333333
SG_015424,0.3871833333333333
SG_015425,0.38741666666666663
SG_015428,0.7173166666666667
SG_015430,0.6249833333333333
SG_015431,0.46255
SG_015439,0.24215000000000003
SG_015440,0.013116666666666667
SG_015446,0.7338833333333333
SG_015447,0.5751499999999999
SG_015448,0.16931666666666667
SG_015452,0.4987166666666667
SG_015454,0.9389166666666666
SG_015458,0.7623333333333333
SG_015462,0.3677166666666667
SG_015463,0.7873333333333332
SG_015464,0.48383333333333334
SG_015466,0.29710000000000003
SG_015467,0.8306
SG_015470,0.2140166666666667
SG_015473,0.37101666666666666
SG_015479,0.18373333333333333
SG_015481,0.7168833333333333
SG_015483,0.45855
SG_015492,0.8073666666666667
SG_015495,0.29615
SG_015498,0.7452666666666665
SG_015503,0.1348666666666667
SG_015507,0.7691666666666667
SG_015512,0.23176666666666668
SG_015514,0.5430833333333334
SG_015517,0.6933666666666667
SG_015520,0.9546666666666667
SG_015524,0.3131333333333333
SG_015526,0.4538333333333333
SG_015527,0.18378333333333333
SG_015535,0.4914333333333333
SG_015537,0.6408666666666667
SG_015538,0.68285
SG_015540,0.8141
SG_015542,0.05516666666666667
SG_015543,0.9650833333333333
SG_015544,0.5575333333333333
SG_015546,0.88635
SG_015547,0.62625
SG_015550,0.15251666666666666
SG_015556,0.4232
SG_015558,0.6141666666666666
SG_015559,0.8824833333333333
SG_015560,0.5650666666666667
SG_015562,0.061149999999999996
SG_015565,0.26725
SG_015568,0.8926166666666667
SG_015572,0.3647166666666667
SG_015576,0.012933333333333333
SG_015578,0.05971666666666667
SG_015580,0.5246999999999999
SG_015582,0.18951666666666667
SG_015584,0.53375
SG_015585,0.643
SG_015586,0.23261666666666664
SG_015587,0.1893
SG_015589,0.79065
SG_015590,0.46711666666666674
SG_015591,0.73615
SG_015593,0.7364833333333334
SG_015597,0.7469000000000001
SG_015598,0.6174833333333333
SG_015600,0.9193
SG_015606,0.8548
SG_015613,0.7497
SG_015615,0.8959166666666667
SG_015617,0.47606666666666664
SG_015619,0.2988166666666667
SG_015623,0.5031166666666667
SG_015627,0.7580166666666666
SG_015637,0.11596666666666666
SG_015641,0.5475666666666666
SG_015644,0.5633833333333333
SG_015649,0.23605
SG_015654,0.9915
SG_015655,0.8386166666666667
SG_015656,0.04205
SG_015659,0.31798333333333334
SG_015662,0.96515
SG_015664,0.12811666666666666
SG_015671,0.83755
SG_015675,0.16368333333333335
SG_015678,0.36191666666666666
SG_015680,0.4110166666666667
SG_015681,0.18191666666666667
SG_015682,0.7471166666666667
SG_015684,0.024483333333333333
SG_015693,0.83825
SG_015708,0.8973
SG_015715,0.35691666666666666
SG_015716,0.5187166666666667
SG_015718,0.0238
SG_015721,0.6119833333333333
SG_015724,0.7413
SG_015726,0.8366833333333333
SG_015729,0.29283333333333333
SG_015730,0.8951166666666666
SG_015735,0.1633
SG_015738,0.84875
SG_015743,0.13893333333333335
SG_015744,0.10321666666666668
SG_015746,0.11783333333333333
SG_015756,0.3794166666666667
SG_015762,0.52145
SG_015763,0.6499666666666667
SG_015766,0.6083333333333333
SG_015769,0.8825000000000001
SG_015770,0.5428166666666667
SG_015772,0.27080000000000004
SG_015773,0.8892666666666666
SG_015780,0.38683333333333336
SG_015790,0.48545000000000005
SG_015797,0.3683333333333333
SG_015806,0.13291666666666666
SG_015810,0.82935
SG_015815,0.21223333333333333
SG_015817,0.8594666666666667
SG_015818,0.6712666666666667
SG_015819,0.49751666666666666
SG_015820,0.6074666666666667
SG_015827,0.8652
SG_015828,0.09266666666666667
SG_015829,0.36795
SG_015832,0.3906166666666667
SG_015833,0.7202
SG_015834,0.11528333333333332
SG_015838,0.7219333333333333
SG_015840,0.34185
SG_015842,0.6029166666666667
SG_015845,0.06481666666666666
SG_015849,0.40215
SG_015857,0.36329999999999996
SG_015859,0.0038166666666666666
SG_015860,0.93755
SG_015867,0.30723333333333336
SG_015873,0.7252166666666667
SG_015878,0.5747666666666666
SG_015879,0.09581666666666666
SG_015880,0.9263166666666667
SG_015881,0.050699999999999995
SG_015884,0.32968333333333333
SG_015885,0.20238333333333333
SG_015891,0.6636666666666666
SG_015893,0.6029
SG_015898,0.5996833333333333
SG_015900,0.6629666666666667
SG_015901,0.2663833333333333
SG_015907,0.31894999999999996
SG_015908,0.5387333333333333
SG_015910,0.9149499999999999
SG_015914,0.7786500000000001
SG_015917,0.9973666666666667
SG_015921,0.9623666666666667
SG_015922,0.46453333333333335
SG_015928,0.8463333333333334
SG_015939,0.5184833333333334
SG_015940,0.04746666666666667
SG_015942,0.8696666666666666
SG_015943,0.9667833333333333
SG_015947,0.2718
SG_015950,0.65365
SG_015951,0.88095
SG_015955,0.18501666666666666
SG_015964,0.7054833333333332
SG_015965,0.6125
SG_015972,0.32095
SG_015973,0.09870000000000001
SG_015975,0.0813
SG_015977,0.6241333333333333
SG_015978,0.8185
SG_015979,0.9115166666666668
SG_015980,0.32563333333333333
SG_015981,0.58165
SG_015985,0.8656666666666666
SG_015988,0.4264
SG_015989,0.7080833333333333
SG_015990,0.86015
SG_015998,0.8452666666666666
SG_015999,0.07494999999999999
SG_016002,0.5541333333333334
SG_016003,0.15075
SG_016004,0.5600833333333333
SG_016008,0.9782500000000001
SG_016010,0.97895
SG_016013,0.6848
SG_016015,0.3032666666666667
SG_016020,0.05501666666666667
SG_016021,0.6021333333333333
SG_016022,0.16903333333333334
SG_016027,0.7241166666666666
SG_016028,0.20635
SG_016029,0.37656666666666666
SG_016030,0.9861166666666668
SG_016045,0.4215
SG_016048,0.6562000000000001
SG_016049,0.09593333333333334
SG_016054,0.9310666666666666
SG_016056,0.5264666666666666
SG_016060,0.619
SG_016065,0.0887
SG_016081,0.09388333333333333
SG_016085,0.23243333333333333
SG_016089,0.4622666666666666
SG_016091,0.8210166666666667
SG_016092,0.4682166666666666
SG_016101,0.9656500000000001
SG_016102,0.9012666666666667
SG_016103,0.4754166666666667
SG_016108,0.10121666666666666
SG_016109,0.56955
SG_016111,0.8549166666666665
SG_016113,0.24703333333333333
SG_016114,0.18211666666666668
SG_016115,0.2525833333333333
SG_016116,0.6873333333333334
SG_016119,0.3107666666666667
SG_016124,0.2193
SG_016127,0.39993333333333336
SG_016132,0.9730333333333334
SG_016133,0.3128666666666666
SG_016134,0.6590333333333334
SG_016138,0.3803333333333333
SG_016140,0.6617166666666667
SG_016146,0.9151666666666667
SG_016147,0.5109666666666667
SG_016156,0.9764499999999999
SG_016158,0.38095
SG_016159,0.6693166666666667
SG_016160,0.02751666666666667
SG_016161,0.27140000000000003
SG_016163,0.7870666666666668
SG_016164,0.6922166666666667
SG_016165,0.7707833333333334
SG_016166,0.20158333333333334
SG_016171,0.7384333333333334
SG_016172,0.7776166666666666
SG_016174,0.29318333333333335
SG_016176,0.4410333333333334
SG_016179,0.98925
SG_016181,0.8623333333333334
SG_016183,0.02505
SG_016185,0.5165333333333333
SG_016186,0.10053333333333334
SG_016187,0.007466666666666667
SG_016188,0.7472833333333333
SG_016190,0.29684999999999995
SG_016194,0.8079666666666666
SG_016195,0.26295
SG_016196,0.9188333333333334
SG_016197,0.46275
SG_016211,0.27313333333333334
SG_016214,0.9353500000000001
SG_016215,0.5551333333333334
SG_016219,0.6211166666666668
SG_016221,0.6224166666666666
SG_016222,0.4663333333333334
SG_016224,0.42293333333333333
SG_016225,0.86615
SG_016233,0.3576
SG_016234,0.33426666666666666
SG_016235,0.36158333333333337
SG_016238,0.04305
SG_016242,0.9551333333333334
SG_016244,0.23534999999999998
SG_016245,0.01105
SG_016246,0.61805
SG_016249,0.31093333333333334
SG_016251,0.9119166666666667
SG_016252,0.8498000000000001
SG_016259,0.5376
SG_016262,0.5742166666666667
SG_016263,0.2043833333333333
SG_016268,0.4272833333333333
SG_016270,0.15661666666666668
SG_016272,0.9293
SG_016273,0.76155
SG_016275,0.952
SG_016278,0.6194333333333333
SG_016282,0.6679833333333334
SG_016285,0.2661
SG_016289,0.5180333333333333
SG_016292,0.33475
SG_016297,0.30095
SG_016299,0.62045
SG_016310,0.5917666666666667
SG_016315,0.4246166666666667
SG_016316,0.46873333333333334
SG_016318,0.24218333333333333
SG_016324,0.11610000000000001
SG_016326,0.3463
SG_016327,0.7437166666666667
SG_016330,0.003633333333333333
SG_016331,0.7076166666666667
SG_016332,0.00435
SG_016333,0.6826
SG_016334,0.38538333333333336
SG_016337,0.21885000000000002
SG_016341,0.57535
SG_016343,0.13598333333333332
SG_016345,0.8495666666666667
SG_016346,0.05666666666666667
SG_016349,0.5621666666666667
SG_016351,0.23013333333333333
SG_016352,0.009083333333333332
SG_016354,0.6518166666666667
SG_016363,0.4418
SG_016372,0.63135
SG_016375,0.65515
SG_016382,0.26891666666666664
SG_016384,0.7204833333333334
SG_016386,0.04765
SG_016389,0.47600000000000003
SG_016392,0.5703999999999999
SG_016393,0.44013333333333327
SG_016394,0.7246666666666666
SG_016401,0.3078166666666666
SG_016402,0.2753833333333333
SG_016405,0.9686166666666667
SG_016414,0.4117166666666667
SG_016421,0.08323333333333334
SG_016424,0.5461833333333334
SG_016425,0.6299166666666667
SG_016429,0.12003333333333333
SG_016431,0.5308333333333333
SG_016432,0.75685
SG_016435,0.8491333333333333
SG_016436,0.8864833333333333
SG_016443,0.038233333333333334
SG_016445,0.3446166666666667
SG_016450,0.9067833333333333
SG_016452,0.22385
SG_016456,0.8633333333333333
SG_016462,0.2155
SG_016463,0.41818333333333335
SG_016474,0.8542166666666666
SG_016482,0.5133
SG_016488,0.2743833333333333
SG_016502,0.15468333333333334
SG_016503,0.7823666666666667
SG_016507,0.8319333333333334
SG_016508,0.36646666666666666
SG_016511,0.1393
SG_016512,0.9024166666666666
SG_016517,0.4410166666666667
SG_016518,0.9411
SG_016520,0.20550000000000002
SG_016522,0.8604833333333334
SG_016524,0.4925666666666666
SG_016526,0.7759666666666667
SG_016528,0.94165
SG_016529,0.6481
SG_016532,0.95545
SG_016535,0.32303333333333334
SG_016537,0.034416666666666665
SG_016539,0.019700000000000002
SG_016542,0.35076666666666667
SG_016545,0.5033666666666666
SG_016547,0.2704
SG_016548,0.09696666666666667
SG_016554,0.65305
SG_016562,0.7479333333333333
SG_016563,0.5731999999999999
SG_016566,0.20896666666666666
SG_016567,0.6425833333333334
SG_016580,0.5305166666666667
SG_016581,0.3949166666666667
SG_016585,0.9125333333333332
SG_016600,0.49676666666666663
SG_016603,0.8480666666666667
SG_016604,0.2633666666666667
SG_016606,0.8595
SG_016609,0.29186666666666666
SG_016612,0.6153833333333334
SG_016613,0.47323333333333334
SG_016614,0.6161666666666666
SG_016623,0.16716666666666666
SG_016625,0.9341833333333334
SG_016632,0.837
SG_016634,0.21243333333333336
SG_016637,0.8440833333333334
SG_016641,0.2869166666666667
SG_016646,0.3015
SG_016647,0.13093333333333335
SG_016660,0.08465
SG_016662,0.70145
SG_016670,0.8266333333333333
SG_016671,0.15625
SG_016673,0.10298333333333334
SG_016675,0.5979333333333333
SG_016685,0.2672833333333333
SG_016689,0.9418166666666667
SG_016690,0.5394166666666667
SG_016691,0.04401666666666667
SG_016692,0.45353333333333334
SG_016696,0.71495
SG_016698,0.14605
SG_016699,0.22351666666666667
SG_016703,0.21905000000000002
SG_016704,0.7700666666666667
SG_016705,0.8564499999999999
SG_016708,0.8778666666666666
SG_016710,0.11904999999999999
SG_016711,0.5823666666666667
SG_016714,0.5032833333333333
SG_016716,0.009083333333333334
SG_016719,0.8097833333333333
SG_016720,0.15176666666666666
SG_016721,0.037983333333333334
SG_016723,0.26333333333333336
SG_016732,0.6768333333333334
SG_016733,0.7386166666666667
SG_016736,0.10268333333333333
SG_016737,0.1225
SG_016738,0.48819999999999997
SG_016741,0.9363333333333334
SG_016745,0.8374999999999999
SG_016746,0.21660000000000001
SG_016752,0.4752
SG_016754,0.3446333333333333
SG_016758,0.40876666666666667
SG_016763,0.40381666666666666
SG_016765,0.5867833333333333
SG_016769,0.14554999999999998
SG_016776,0.7948166666666667
SG_016778,0.8481666666666667
SG_016779,0.77115
SG_016780,0.9392166666666666
SG_016783,0.8773500000000001
SG_016785,0.20391666666666666
SG_016786,0.6012833333333334
SG_016792,0.89365
SG_016793,0.17603333333333332
SG_016794,0.9653499999999999
SG_016805,0.43125
SG_016807,0.5095833333333334
SG_016810,0.19369999999999998
SG_016813,0.5414666666666667
SG_016818,0.6339999999999999
SG_016819,0.4503166666666667
SG_016823,0.8379833333333333
SG_016827,0.4242166666666667
SG_016828,0.4418666666666667
SG_016832,0.63255
SG_016834,0.9806
SG_016837,0.8139000000000001
SG_016840,0.1251
SG_016843,0.9343833333333333
SG_016847,0.23249999999999998
SG_016849,0.30225
SG_016851,0.43971666666666664
SG_016857,0.09298333333333333
SG_016858,0.9886000000000001
SG_016859,0.8592166666666666
SG_016861,0.61975
SG_016863,0.6586666666666666
SG_016874,0.9030499999999999
SG_016877,0.34136666666666665
SG_016881,0.9020333333333335
SG_016885,0.6167
SG_016887,0.9624333333333334
SG_016888,0.5715833333333333
SG_016891,0.6521333333333333
SG_016893,0.10345
SG_016895,0.7108333333333333
SG_016900,0.3645
SG_016902,0.7373500000000001
SG_016904,0.22204999999999997
SG_016909,0.28080000000000005
SG_016911,0.7129833333333333
SG_016924,0.008899999999999998
SG_016925,0.33463333333333334
SG_016928,0.6383666666666667
SG_016937,0.0953
SG_016939,0.8513999999999999
SG_016941,0.6727833333333333
SG_016944,0.9451666666666666
SG_016946,0.49036666666666673
SG_016951,0.7434666666666667
SG_016961,0.87305
SG_016963,0.5525500000000001
SG_016967,0.34453333333333336
SG_016968,0.8458833333333333
SG_016971,0.6969000000000001
SG_016973,0.32698333333333335
SG_016974,0.2536833333333333
SG_016975,0.7862
SG_016976,0.4965333333333333
SG_016986,0.2760666666666667
SG_016989,0.8747
SG_016990,0.8046166666666666
SG_017003,0.48160000000000003
SG_017005,0.31571666666666665
SG_017006,0.038599999999999995
SG_017016,0.4690833333333333
SG_017018,0.6593166666666667
SG_017021,0.5061166666666667
SG_017026,0.25238333333333335
SG_017028,0.31223333333333336
SG_017040,0.6916666666666667
SG_017043,0.131
SG_017044,0.8549
SG_017046,0.6771333333333334
SG_017048,0.15396666666666667
SG_017049,0.2855333333333333
SG_017050,0.1327
SG_017055,0.68855
SG_017056,0.15401666666666666
SG_017062,0.09408333333333334
SG_017067,0.19396666666666668
SG_017070,0.20471666666666666
SG_017071,0.9409833333333333
SG_017076,0.48538333333333333
SG_017077,0.45353333333333334
SG_017079,0.015233333333333331
SG_017080,0.2391333333333333
SG_017085,0.7718
SG_017098,0.46218333333333333
SG_017103,0.4113833333333333
SG_017110,0.5924
SG_017111,0.8999499999999999
SG_017114,0.050350000000000006
SG_017116,0.9252833333333332
SG_017123,0.025166666666666664
SG_017124,0.6771333333333334
SG_017126,0.07108333333333333
SG_017127,0.2773
SG_017130,0.6527333333333333
SG_017139,0.6933166666666666
SG_017144,0.4340833333333334
SG_017145,0.4278333333333333
SG_017146,0.7517333333333333
SG_017154,0.36265
SG_017158,0.7081166666666667
SG_017170,0.5778166666666666
SG_017171,0.7269000000000001
SG_017172,0.15621666666666667
SG_017182,0.0152
SG_017187,0.0928
SG_017190,0.8633166666666667
SG_017192,0.3937
SG_017193,0.40746666666666664
SG_017195,0.7302166666666666
SG_017202,0.7778666666666667
SG_017206,0.2891166666666667
SG_017208,0.42361666666666664
SG_017213,0.5828666666666666
SG_017218,0.09786666666666666
SG_017220,0.5166166666666666
SG_017223,0.14885
SG_017224,0.66685
SG_017225,0.5455166666666666
SG_017227,0.5036666666666667
SG_017228,0.9226
SG_017230,0.41056666666666664
SG_017232,0.64195
SG_017235,0.5194
SG_017239,0.7994166666666667
SG_017241,0.7571
SG_017245,0.20636666666666664
SG_017250,0.9597333333333333
SG_017254,0.16875
SG_017255,0.61965
SG_017266,0.20311666666666667
SG_017269,0.3342833333333333
SG_017272,0.5413
SG_017276,0.29935
SG_017279,0.23303333333333331
SG_017281,0.08981666666666666
SG_017287,0.7314166666666666
SG_017288,0.5543
SG_017292,0.7065
SG_017294,0.6711
SG_017296,0.15841666666666668
SG_017303,0.3380166666666667
SG_017304,0.7102
SG_017309,0.8785499999999999
SG_017311,0.5734666666666667
SG_017316,0.004
SG_017317,0.6480833333333333
SG_017318,0.8683333333333334
SG_017323,0.5403166666666668
SG_017328,0.69735
SG_017338,0.6527666666666667
SG_017339,0.64975
SG_017347,0.7326
SG_017348,0.59115
SG_017349,0.32258333333333333
SG_017350,0.31248333333333334
SG_017354,0.2497666666666667
SG_017358,0.7448833333333333
SG_017360,0.21818333333333334
SG_017361,0.5550666666666666
SG_017364,0.8767
SG_017368,0.5880833333333333
SG_017373,0.6312333333333333
SG_017376,0.7906833333333334
SG_017383,0.7873166666666667
SG_017385,0.26818333333333333
SG_017391,0.7918000000000001
SG_017399,0.9297833333333333
SG_017402,0.0017833333333333334
SG_017405,0.08988333333333334
SG_017406,0.17345
SG_017416,0.4427833333333333
SG_017419,0.6934
SG_017421,0.4231166666666667
SG_017423,0.8501
SG_017425,0.6695666666666666
SG_017428,0.4177833333333333
SG_017431,0.7487333333333334
SG_017432,0.9833333333333334
SG_017438,0.9376
SG_017439,0.009899999999999999
SG_017445,0.055466666666666664
SG_017448,0.05168333333333333
SG_017452,0.67995
SG_017454,0.5995333333333334
SG_017457,0.43655
SG_017458,0.6054166666666666
SG_017464,0.6225333333333333
SG_017465,0.38795
SG_017466,0.9502999999999999
SG_017467,0.9526666666666667
SG_017475,0.35368333333333335
SG_017479,0.5939666666666666
SG_017480,0.0009333333333333333
SG_017481,0.6077166666666667
SG_017482,0.12136666666666668
SG_017484,0.5282
SG_017486,0.5613833333333333
SG_017501,0.4159166666666667
SG_017504,0.3370666666666667
SG_017507,0.36478333333333335
SG_017509,0.129
SG_017513,0.5075166666666666
SG_017514,0.6051333333333333
SG_017516,0.07545
SG_017518,0.3597166666666667
SG_017521,0.8184833333333332
SG_017526,0.6198833333333333
SG_017529,0.12283333333333332
SG_017532,0.17876666666666668
SG_017535,0.6327833333333334
SG_017537,0.29145
SG_017538,0.50055
SG_017542,0.3006666666666667
SG_017545,0.9567166666666667
SG_017549,0.9052333333333333
SG_017557,0.32831666666666665
SG_017559,0.8348666666666666
SG_017560,0.04133333333333333
SG_017562,0.6400666666666667
SG_017563,0.9586166666666667
SG_017565,0.20923333333333333
SG_017572,0.4306333333333333
SG_017575,0.9080833333333334
SG_017577,0.44770000000000004
SG_017578,0.19230000000000003
SG_017579,0.9064833333333333
SG_017580,0.21766666666666667
SG_017581,0.9528166666666666
SG_017589,0.6712666666666667
SG_017590,0.10256666666666667
SG_017594,0.7330666666666668
SG_017597,0.4535333333333333
SG_017604,0.7154833333333334
SG_017605,0.5523
SG_017606,0.8528333333333333
SG_017607,0.39425000000000004
SG_017611,0.7590166666666667
SG_017615,0.09515000000000001
SG_017616,0.12748333333333334
SG_017617,0.7822
SG_017621,0.42541666666666667
SG_017622,0.6500666666666666
SG_017629,0.30965
SG_017630,0.09791666666666667
SG_017634,0.3351166666666666
SG_017639,0.21563333333333334
SG_017642,0.2586
SG_017646,0.8851833333333333
SG_017657,0.8427333333333333
SG_017658,0.4564333333333333
SG_017667,0.06341666666666668
SG_017673,0.6782333333333332
SG_017674,0.22408333333333333
SG_017677,0.07236666666666666
SG_017679,0.15931666666666666
SG_017683,0.33831666666666665
SG_017687,0.029716666666666666
SG_017689,0.9227000000000001
SG_017691,0.18258333333333332
SG_017693,0.8656166666666667
SG_017696,0.42910000000000004
SG_017697,0.27103333333333335
SG_017702,0.24309999999999998
SG_017703,0.9945
SG_017709,0.050016666666666675
SG_017714,0.23793333333333333
SG_017715,0.7443666666666667
SG_017718,0.8142333333333334
SG_017719,0.30335
SG_017728,0.7050500000000001
SG_017729,0.33765
SG_017739,0.5383666666666667
SG_017743,0.044083333333333335
SG_017745,0.08985
SG_017746,0.0859
SG_017749,0.8559666666666667
SG_017750,0.47250000000000003
SG_017754,0.36050000000000004
SG_017757,0.8335833333333332
SG_017760,0.9633833333333333
SG_017774,0.9022833333333333
SG_017775,0.05905
SG_017776,0.15898333333333334
SG_017777,0.8680666666666667
SG_017778,0.45123333333333326
SG_017781,0.8111166666666667
SG_017782,0.8258166666666666
SG_017789,0.46826666666666666
SG_017795,0.5707333333333333
SG_017798,0.7185999999999999
SG_017811,0.38953333333333334
SG_017817,0.5251166666666667
SG_017819,0.8374
SG_017822,0.9096500000000001
SG_017827,0.34658333333333335
SG_017830,0.9703999999999999
SG_017832,0.23488333333333333
SG_017834,0.9585666666666667
SG_017838,0.81995
SG_017840,0.9137166666666667
SG_017847,0.46286666666666665
SG_017851,0.7082999999999999
SG_017855,0.9557833333333332
SG_017862,0.00245
SG_017865,0.34163333333333334
SG_017866,0.30623333333333336
SG_017867,0.7530333333333332
SG_017878,0.5464
SG_017879,0.14576666666666668
SG_017880,0.3949833333333333
SG_017881,0.020900000000000002
SG_017882,0.57865
SG_017886,0.41891666666666666
SG_017888,0.31948333333333334
SG_017889,0.31251666666666666
SG_017895,0.7906666666666667
SG_017900,0.6100833333333333
SG_017902,0.5109333333333334
SG_017907,0.8561000000000001
SG_017909,0.7152499999999999
SG_017910,0.4504333333333333
SG_017913,0.7471833333333334
SG_017914,0.7077
SG_017917,0.5871833333333334
SG_017918,0.9419500000000001
SG_017919,0.17591666666666667
SG_017920,0.6235666666666666
SG_017936,0.3280666666666667
SG_017938,0.6126166666666666
SG_017945,0.9212333333333333
SG_017947,0.5017333333333334
SG_017949,0.4779
SG_017956,0.8338666666666665
SG_017958,0.8137833333333334
SG_017960,0.3777166666666667
SG_017965,0.03953333333333333
SG_017971,0.8993
SG_017973,0.8458000000000001
SG_017978,0.8677166666666668
SG_017981,0.06575
SG_017985,0.8757166666666667
SG_017987,0.9663833333333334
SG_017991,0.7411333333333333
SG_017992,0.82255
SG_018002,0.4558333333333333
SG_018003,0.9725333333333335
SG_018005,0.6703666666666667
SG_018014,0.23958333333333331
SG_018015,0.26348333333333335
SG_018016,0.5872
SG_018017,0.8861999999999999
SG_018024,0.14104999999999998
SG_018028,0.8293166666666667
SG_018032,0.5603666666666667
SG_018033,0.5544333333333333
SG_018037,0.5006499999999999
SG_018040,0.25315000000000004
SG_018042,0.3266833333333333
SG_018046,0.04923333333333334
SG_018050,0.9196833333333333
SG_018055,0.8543833333333333
SG_018056,0.6745333333333334
SG_018061,0.25151666666666667
SG_018063,0.75525
SG_018064,0.596
SG_018067,0.40806666666666663
SG_018072,0.4822166666666666
SG_018073,0.8268166666666666
SG_018074,0.8604333333333333
SG_018076,0.9241
SG_018080,0.050666666666666665
SG_018084,0.6941166666666666
SG_018088,0.6864333333333333
SG_018090,0.6311833333333333
SG_018092,0.724
SG_018094,0.8943833333333333
SG_018096,0.4317166666666667
SG_018100,0.7428166666666667
SG_018109,0.5739500000000001
SG_018111,0.03141666666666667
SG_018120,0.8178166666666666
SG_018124,0.9827
SG_018125,0.5671833333333333
SG_018130,0.6579833333333334
SG_018132,0.46153333333333335
SG_018134,0.09209999999999999
SG_018140,0.5344166666666667
SG_018144,0.022583333333333334
SG_018146,0.8100166666666667
SG_018150,0.5763833333333334
SG_018154,0.9272666666666667
SG_018155,0.16119999999999998
SG_018160,0.005033333333333333
SG_018165,0.47406666666666664
SG_018166,0.21744999999999998
SG_018170,0.434
SG_018174,0.5990166666666668
SG_018175,0.16496666666666665
SG_018178,0.6892833333333332
SG_018181,0.8599333333333332
SG_018186,0.5837833333333333
SG_018188,0.39646666666666663
SG_018195,0.1331
SG_018198,0.8938833333333334
SG_018201,0.020733333333333333
SG_018206,0.9923666666666666
SG_018208,0.3010833333333333
SG_018214,0.9557666666666667
SG_018215,0.9382333333333333
SG_018216,0.8814833333333334
SG_018221,0.8101833333333333
SG_018224,0.20073333333333332
SG_018228,0.39765
SG_018229,0.1728
SG_018238,0.08963333333333334
SG_018241,0.11873333333333333
SG_018246,0.4724333333333333
SG_018247,0.21493333333333337
SG_018252,0.9785166666666667
SG_018253,0.26890000000000003
SG_018259,0.8162833333333332
SG_018261,0.09321666666666666
SG_018263,0.9038333333333334
SG_018266,0.2231
SG_018269,0.5922166666666666
SG_018270,0.25288333333333335
SG_018276,0.5297333333333334
SG_018278,0.6489333333333334
SG_018281,0.15791666666666668
SG_018282,0.5218666666666667
SG_018284,0.5994666666666667
SG_018286,0.14805000000000001
SG_018287,0.4000666666666667
SG_018294,0.04771666666666667
SG_018297,0.5575833333333333
SG_018303,0.7486333333333334
SG_018305,0.6774333333333333
SG_018307,0.22643333333333332
SG_018312,0.65355
SG_018316,0.6851333333333333
SG_018321,0.08885
SG_018322,0.5507000000000001
SG_018325,0.006083333333333334
SG_018327,0.36373333333333335
SG_018330,0.34025
SG_018334,0.7609166666666667
SG_018336,0.3919666666666667
SG_018338,0.83395
SG_018341,0.27718333333333334
SG_018342,0.7114333333333334
SG_018347,0.4279833333333334
SG_018348,0.7113833333333334
SG_018351,0.59955
SG_018360,0.9864833333333334
SG_018361,0.22221666666666665
SG_018364,0.9057833333333334
SG_018366,0.8409166666666666
SG_018368,0.9037833333333333
SG_018372,0.5277166666666667
SG_018379,0.26839999999999997
SG_018381,0.3134
SG_018386,0.15411666666666668
SG_018387,0.7843166666666666
SG_018388,0.6305166666666666
SG_018394,0.9571333333333334
SG_018407,0.53425
SG_018410,0.5834833333333334
SG_018411,0.2714833333333333
SG_018417,0.37725
SG_018418,0.42346666666666666
SG_018420,0.48163333333333336
SG_018422,0.7154
SG_018424,0.8984333333333333
SG_018426,0.0343
SG_018427,0.4920833333333333
SG_018430,0.10788333333333333
SG_018433,0.7596333333333333
SG_018434,0.6751833333333332
SG_018436,0.7518333333333334
SG_018441,0.5886
SG_018442,0.57805
SG_018445,0.6408833333333334
SG_018448,0.38566666666666666
SG_018452,0.012299999999999998
SG_018455,0.5262333333333333
SG_018458,0.3891833333333333
SG_018462,0.9522166666666667
SG_018468,0.4891333333333333
SG_018469,0.7327999999999999
SG_018470,0.7129
SG_018471,0.5862333333333333
SG_018472,0.5226
SG_018474,0.0031666666666666666
SG_018476,0.73125
SG_018481,0.8709333333333333
SG_018485,0.301
SG_018487,0.6736166666666668
SG_018490,0.20001666666666668
SG_018491,0.237
SG_018493,0.3752166666666667
SG_018494,0.2627666666666667
SG_018497,0.3296
SG_018501,0.14601666666666668
SG_018503,0.16313333333333332
SG_018505,0.14116666666666666
SG_018506,0.4769333333333333
SG_018510,0.6815833333333333
SG_018511,0.32339999999999997
SG_018514,0.5317
SG_018519,0.47376666666666667
SG_018520,0.005166666666666667
SG_018524,0.34181666666666666
SG_018525,0.004916666666666666
SG_018526,0.13168333333333332
SG_018529,0.38011666666666666
SG_018531,0.5682333333333334
SG_018534,0.6569499999999999
SG_018536,0.39405
SG_018537,0.647
SG_018543,0.8827
SG_018544,0.46655
SG_018547,0.37045
SG_018548,0.3514833333333333
SG_018549,0.7690166666666667
SG_018553,0.08298333333333333
SG_018555,0.9133
SG_018558,0.5393
SG_018566,0.20193333333333333
SG_018568,0.7100500000000001
SG_018569,0.06633333333333333
SG_018573,0.45629999999999993
SG_018576,0.5773666666666667
SG_018579,0.010016666666666667
SG_018587,0.5172166666666667
SG_018591,0.18664999999999998
SG_018594,0.34031666666666666
SG_018601,0.8784000000000001
SG_018603,0.7342666666666666
SG_018608,0.48319999999999996
SG_018611,0.7864166666666668
SG_018612,0.67595
SG_018615,0.30768333333333336
SG_018617,0.1898
SG_018621,0.7942
SG_018623,0.7369833333333333
SG_018624,0.8122833333333334
SG_018631,0.10246666666666666
SG_018636,0.2869166666666667
SG_018637,0.24713333333333332
SG_018639,0.9958666666666667
SG_018644,0.15623333333333334
SG_018645,0.9402666666666667
SG_018647,0.9076833333333334
SG_018650,0.8288166666666666
SG_018651,0.005683333333333334
SG_018662,0.8713833333333333
SG_018663,0.2125333333333333
SG_018664,0.7738833333333333
SG_018665,0.5456500000000001
SG_018670,0.8974333333333333
SG_018676,0.55945
SG_018677,0.027466666666666664
SG_018678,0.69035
SG_018680,0.2349
SG_018685,0.5967666666666667
SG_018686,0.9077166666666666
SG_018687,0.5619000000000001
SG_018688,0.35146666666666665
SG_018689,0.06948333333333334
SG_018693,0.3386
SG_018694,0.42201666666666665
SG_018697,0.42865
SG_018703,0.31488333333333335
SG_018705,0.8426
SG_018709,0.004016666666666667
SG_018710,0.9376166666666668
SG_018711,0.8082
SG_018717,0.05123333333333333
SG_018721,0.6696833333333333
SG_018722,0.44148333333333334
SG_018731,0.41264999999999996
SG_018733,0.7637333333333334
SG_018738,0.6816666666666666
SG_018744,0.68985
SG_018745,0.3875166666666666
SG_018748,0.46423333333333333
SG_018756,0.8653166666666666
SG_018758,0.5293166666666667
SG_018761,0.0902
SG_018765,0.6656666666666666
SG_018766,0.9131166666666666
SG_018767,0.36991666666666667
SG_018768,0.5459666666666666
SG_018770,0.30756666666666665
SG_018779,0.28725
SG_018787,0.43273333333333336
SG_018788,0.5718000000000001
SG_018789,0.6664833333333333
SG_018791,0.6970833333333333
SG_018792,0.3444166666666667
SG_018793,0.1142
SG_018798,0.9145833333333333
SG_018799,0.6723333333333333
SG_018800,0.20665
SG_018803,0.0455
SG_018806,0.8542833333333333
SG_018809,0.17438333333333333
SG_018811,0.5408999999999999
SG_018817,0.26785
SG_018818,0.2547166666666667
SG_018821,0.08206666666666666
SG_018822,0.21089999999999998
SG_018823,0.2617333333333333
SG_018826,0.7375833333333335
SG_018831,0.39731666666666665
SG_018834,0.24785000000000001
SG_018837,0.6999833333333334
SG_018838,0.8990499999999999
SG_018842,0.7334833333333333
SG_018843,0.9227166666666667
SG_018847,0.7132333333333334
SG_018850,0.38333333333333336
SG_018852,0.7666833333333334
SG_018853,0.11515
SG_018859,0.8687833333333332
SG_018861,0.63085
SG_018875,0.7756500000000001
SG_018883,0.44633333333333336
SG_018885,0.16399999999999998
SG_018889,0.4118166666666666
SG_018890,0.9133833333333334
SG_018894,0.5283166666666667
SG_018895,0.9925166666666667
SG_018899,0.4261666666666667
SG_018901,0.9214333333333333
SG_018902,0.59055
SG_018904,0.8406166666666668
SG_018905,0.4353
SG_018906,0.7252833333333334
SG_018907,0.5962833333333333
SG_018908,0.11033333333333332
SG_018915,0.6930833333333333
SG_018918,0.26935
SG_018920,0.66445
SG_018924,0.8459333333333334
SG_018928,0.6333666666666666
SG_018940,0.2534666666666667
SG_018941,0.27875
SG_018942,0.3910166666666667
SG_018965,0.8313166666666667
SG_018966,0.24914999999999998
SG_018968,0.12463333333333335
SG_018970,0.6803833333333333
SG_018972,0.18395
SG_018978,0.4150166666666667
SG_018981,0.50415
SG_018984,0.3121
SG_018990,0.5504333333333333
SG_019006,0.7765
SG_019012,0.48018333333333335
SG_019014,0.4769333333333333
SG_019015,0.9456666666666667
SG_019016,0.8243999999999999
SG_019018,0.8212666666666667
SG_019019,0.29938333333333333
SG_019023,0.7863833333333333
SG_019028,0.8547333333333333
SG_019030,0.21434999999999998
SG_019036,0.7413166666666666
SG_019038,0.11586666666666666
SG_019039,0.9761500000000001
SG_019041,0.8028833333333333
SG_019042,0.14573333333333333
SG_019044,0.9357333333333333
SG_019051,0.4628
SG_019053,0.5368666666666667
SG_019054,0.5945166666666667
SG_019058,0.7873
SG_019069,0.10038333333333332
SG_019071,0.026600000000000002
SG_019082,0.5471833333333334
SG_019083,0.44658333333333333
SG_019084,0.5264333333333333
SG_019087,0.06046666666666667
SG_019092,0.17168333333333333
SG_019098,0.5667333333333333
SG_019102,0.9592666666666667
SG_019105,0.60405
SG_019106,0.5709666666666666
SG_019109,0.23508333333333334
SG_019115,0.6236333333333334
SG_019117,0.7059500000000001
SG_019119,0.30655
SG_019120,0.6448499999999999
SG_019131,0.3646166666666667
SG_019142,0.9770666666666667
SG_019146,0.5261
SG_019147,0.5591833333333334
SG_019149,0.08585000000000001
SG_019150,0.18021666666666666
SG_019162,0.5340666666666667
SG_019167,0.3910666666666667
SG_019169,0.23096666666666665
SG_019171,0.0031
SG_019176,0.9002166666666667
SG_019184,0.32575
SG_019187,0.6530166666666666
SG_019190,0.2107
SG_019197,0.5990166666666666
SG_019198,0.21531666666666666
SG_019201,0.28323333333333334
SG_019203,0.8211166666666667
SG_019204,0.4722333333333333
SG_019208,0.28091666666666665
SG_019209,0.6422833333333333
SG_019211,0.038733333333333335
SG_019212,0.7705333333333333
SG_019217,0.59905
SG_019221,0.3735
SG_019222,0.8829166666666666
SG_019223,0.040433333333333335
SG_019225,0.6501333333333333
SG_019237,0.88565
SG_019244,0.83825
SG_019245,0.6789166666666666
SG_019246,0.05885
SG_019247,0.39943333333333336
SG_019248,0.15795
SG_019249,0.47585
SG_019251,0.4499
SG_019253,0.16183333333333333
SG_019254,0.038783333333333336
SG_019255,0.61015
SG_019259,0.0629
SG_019265,0.17001666666666665
SG_019266,0.5841833333333334
SG_019267,0.9157166666666667
SG_019270,0.2309
SG_019271,0.18866666666666668
SG_019272,0.5613666666666667
SG_019273,0.4497333333333333
SG_019274,0.010100000000000001
SG_019275,0.2971833333333333
SG_019276,0.15385
SG_019282,0.5059166666666666
SG_019286,0.71395
SG_019289,0.50505
SG_019295,0.9437
SG_019296,0.8308000000000001
SG_019298,0.033883333333333335
SG_019300,0.3598166666666667
SG_019302,0.9271666666666667
SG_019311,0.647
SG_019314,0.33731666666666665
SG_019315,0.3448
SG_019316,0.7438166666666666
SG_019321,0.11521666666666666
SG_019325,0.9002166666666667
SG_019326,0.8507500000000001
SG_019328,0.39308333333333334
SG_019330,0.17023333333333335
SG_019333,0.5060833333333333
SG_019336,0.50475
SG_019339,0.4440333333333334
SG_019346,0.4843
SG_019352,0.70865
SG_019358,0.9129333333333333
SG_019362,0.9529833333333333
SG_019368,0.10371666666666667
SG_019371,0.39413333333333334
SG_019373,0.9360333333333333
SG_019374,0.8412999999999999
SG_019375,0.5110833333333333
SG_019376,0.9542666666666666
SG_019386,0.3986166666666667
SG_019388,0.6633333333333333
SG_019394,0.7574666666666666
SG_019398,0.5657
SG_019408,0.5861833333333333
SG_019411,0.318
SG_019419,0.9273833333333333
SG_019421,0.9394833333333334
SG_019425,0.3118666666666667
SG_019427,0.45761666666666667
SG_019428,0.4840666666666667
SG_019431,0.2786
SG_019432,0.31975
SG_019433,0.6252166666666666
SG_019436,0.7746333333333333
SG_019437,0.8701666666666668
SG_019440,0.02586666666666667
SG_019442,0.7322333333333333
SG_019446,0.5477333333333333
SG_019447,0.22505
SG_019449,0.5702166666666666
SG_019452,0.10323333333333334
SG_019455,0.6653166666666667
SG_019456,0.4618333333333333
SG_019458,0.8059166666666666
SG_019466,0.321
SG_019468,0.9897833333333333
SG_019470,0.7038666666666666
SG_019471,0.5889833333333334
SG_019473,0.28081666666666666
SG_019478,0.30433333333333334
SG_019485,0.9754999999999999
SG_019488,0.61895
SG_019489,0.5495666666666668
SG_019491,0.6514
SG_019496,0.6692333333333333
SG_019498,0.39011666666666667
SG_019510,0.8678333333333332
SG_019516,0.19651666666666667
SG_019519,0.11555
SG_019523,0.38828333333333337
SG_019527,0.16766666666666666
SG_019530,0.52775
SG_019532,0.5151333333333333
SG_019534,0.3080833333333333
SG_019540,0.6973333333333334
SG_019541,0.24680000000000002
SG_019543,0.4722166666666666
SG_019553,0.39515
SG_019558,0.6002
SG_019562,0.2895833333333333
SG_019563,0.40035
SG_019564,0.5932166666666667
SG_019567,0.30661666666666665
SG_019570,0.9574833333333332
SG_019577,0.3677166666666667
SG_019583,0.9588833333333333
SG_019585,0.88375
SG_019587,0.8525
SG_019588,0.034083333333333334
SG_019591,0.45735
SG_019593,0.19708333333333333
SG_019598,0.31605
SG_019599,0.4641833333333334
SG_019602,0.97195
SG_019609,0.66235
SG_019620,0.4653333333333333
SG_019621,0.026083333333333333
SG_019624,0.9394333333333332
SG_019625,0.8100166666666666
SG_019627,0.002683333333333333
SG_019635,0.00855
SG_019638,0.18095
SG_019639,0.0503
SG_019642,0.9248166666666666
SG_019645,0.37705
SG_019647,0.8918333333333335
SG_019648,0.16508333333333333
SG_019650,0.10555
SG_019652,0.4917166666666667
SG_019654,0.7626
SG_019657,0.7377
SG_019660,0.19461666666666666
SG_019661,0.36278333333333335
SG_019662,0.6047666666666667
SG_019665,0.40215
SG_019666,0.5771666666666666
SG_019667,0.3525166666666667
SG_019676,0.7581333333333333
SG_019679,0.9841833333333334
SG_019680,0.8579
SG_019683,0.5945166666666666
SG_019689,0.28761666666666663
SG_019690,0.7777499999999999
SG_019691,0.5162666666666667
SG_019695,0.2768333333333334
SG_019698,0.18943333333333334
SG_019710,0.31733333333333336
SG_019711,0.5162666666666667
SG_019716,0.22490000000000002
SG_019724,0.28753333333333336
SG_019727,0.9370833333333333
SG_019728,0.38580000000000003
SG_019729,0.20046666666666668
SG_019733,0.9706666666666667
SG_019738,0.7714833333333333
SG_019740,0.21023333333333333
SG_019746,0.7059833333333333
SG_019747,0.9115333333333333
SG_019750,0.3557166666666667
SG_019755,0.8577666666666668
SG_019756,0.61715
SG_019761,0.16398333333333331
SG_019764,0.22610000000000002
SG_019766,0.37368333333333337
SG_019767,0.40276666666666666
SG_019769,0.91615
SG_019779,0.09328333333333333
SG_019782,0.48983333333333334
SG_019783,0.7501833333333333
SG_019784,0.26581666666666665
SG_019791,0.21483333333333332
SG_019792,0.37675000000000003
SG_019793,0.86345
SG_019797,0.028216666666666668
SG_019800,0.9038333333333333
SG_019801,0.6603833333333333
SG_019802,0.23636666666666667
SG_019804,0.3281833333333333
SG_019807,0.7648666666666666
SG_019809,0.8727333333333334
SG_019811,0.30485
SG_019812,0.6001333333333333
SG_019819,0.3711
SG_019828,0.2930666666666667
SG_019830,0.45038333333333336
SG_019832,0.12218333333333334
SG_019835,0.23550000000000001
SG_019838,0.29961666666666664
SG_019839,0.27631666666666665
SG_019842,0.8458833333333333
SG_019846,0.69485
SG_019849,0.024516666666666666
SG_019851,0.9702666666666666
SG_019852,0.18958333333333333
SG_019853,0.7664500000000001
SG_019854,0.6893833333333333
SG_019857,0.8367833333333334
SG_019858,0.9766999999999999
SG_019859,0.6542833333333333
SG_019864,0.7023166666666667
SG_019865,0.5407666666666667
SG_019868,0.6937833333333333
SG_019869,0.9368333333333334
SG_019873,0.22575
SG_019878,0.4698833333333333
SG_019883,0.9891166666666666
SG_019887,0.25073333333333336
SG_019888,0.19831666666666667
SG_019895,0.43195
SG_019900,0.09633333333333333
SG_019903,0.11443333333333333
SG_019906,0.81585
SG_019909,0.164
SG_019910,0.23406666666666667
SG_019913,0.8578333333333333
SG_019914,0.35225
SG_019921,0.38495
SG_019923,0.54375
SG_019928,0.9676166666666668
SG_019930,0.9265333333333332
SG_019933,0.32666666666666666
SG_019939,0.23638333333333333
SG_019941,0.7467166666666667
SG_019944,0.16516666666666666
SG_019945,0.5734333333333334
SG_019947,0.32148333333333334
SG_019949,0.7055166666666667
SG_019950,0.5576333333333333
SG_019954,0.46071666666666666
SG_019955,0.8127833333333333
SG_019960,0.16663333333333333
SG_019961,0.9090333333333334
SG_019966,0.8611666666666666
SG_019968,0.8010166666666667
SG_019970,0.4297833333333333
SG_019973,0.030299999999999997
SG_019974,0.5304833333333333
SG_019976,0.59135
SG_019978,0.415
SG_019980,0.11126666666666668
SG_019981,0.2714
SG_019983,0.8494833333333334
SG_019984,0.8996333333333333
SG_019985,0.3309833333333333
SG_019989,0.22846666666666665
SG_019994,0.5396
SG_019998,0.11135
SG_019999,0.76275
SG_020000,0.4438833333333333
